code,category,brand,model,name,buy,retail,wholesale,dealer,min_stock
AR00001,محرك,هوجن,HJ150-4,بستم,0,0,0,0,3
AR00002,محرك,هوجن,HJ150-4,طقم بستم,0,0,0,0,3
AR00003,محرك,هوجن,HJ150-4,شنبر بستم,0,0,0,0,3
AR00004,محرك,هوجن,HJ150-4,بنز بستم,0,0,0,0,3
AR00005,محرك,هوجن,HJ150-4,جوان وش سلندر,0,0,0,0,3
AR00006,محرك,هوجن,HJ150-4,جوان كارتير,0,0,0,0,3
AR00007,محرك,هوجن,HJ150-4,جوان غطاء بلوف,0,0,0,0,3
AR00008,محرك,هوجن,HJ150-4,صباب سحب,0,0,0,0,3
AR00009,محرك,هوجن,HJ150-4,صباب عادم,0,0,0,0,3
AR00010,محرك,هوجن,HJ150-4,جلدة صباب,0,0,0,0,3
AR00011,محرك,هوجن,HJ150-4,ياي صباب,0,0,0,0,3
AR00012,محرك,هوجن,HJ150-4,روكر,0,0,0,0,3
AR00013,محرك,هوجن,HJ150-4,عمود كامة,0,0,0,0,3
AR00014,محرك,هوجن,HJ150-4,سلسلة كاتينة,0,0,0,0,3
AR00015,محرك,هوجن,HJ150-4,شداد كاتينة,0,0,0,0,3
AR00016,محرك,هوجن,HJ150-4,طقم دبرياج,0,0,0,0,3
AR00017,محرك,هوجن,HJ150-4,ديسك دبرياج,0,0,0,0,3
AR00018,محرك,هوجن,HJ150-4,اسطوانة دبرياج,0,0,0,0,3
AR00019,محرك,هوجن,HJ150-4,ياي دبرياج,0,0,0,0,3
AR00020,محرك,هوجن,HJ150-4,تروس دبرياج,0,0,0,0,3
AR00021,محرك,هوجن,HJ150-4,ترس مارش,0,0,0,0,3
AR00022,محرك,هوجن,HJ150-4,مارش موتور,0,0,0,0,3
AR00023,محرك,هوجن,HJ150-4,حدافة,0,0,0,0,3
AR00024,محرك,هوجن,HJ150-4,طلمبة زيت,0,0,0,0,3
AR00025,محرك,هوجن,HJ150-4,فلتر زيت,0,0,0,0,3
AR00026,محرك,هوجن,HJ150-4,فلتر هواء,0,0,0,0,3
AR00027,وقود,هوجن,HJ150-4,كربراتير,0,0,0,0,3
AR00028,وقود,هوجن,HJ150-4,طقم إصلاح كربراتير,0,0,0,0,3
AR00029,وقود,هوجن,HJ150-4,بنزين حنفية,0,0,0,0,3
AR00030,وقود,هوجن,HJ150-4,خرطوم بنزين,0,0,0,0,3
AR00031,وقود,هوجن,HJ150-4,فلتر بنزين,0,0,0,0,3
AR00032,كهرباء,هوجن,HJ150-4,بوجيه,0,0,0,0,3
AR00033,كهرباء,هوجن,HJ150-4,بوبينة,0,0,0,0,3
AR00034,كهرباء,هوجن,HJ150-4,CDI,0,0,0,0,3
AR00035,كهرباء,هوجن,HJ150-4,منظم شحن,0,0,0,0,3
AR00036,كهرباء,هوجن,HJ150-4,مغناطيس,0,0,0,0,3
AR00037,كهرباء,هوجن,HJ150-4,بطارية,0,0,0,0,3
AR00038,كهرباء,هوجن,HJ150-4,كتاوت مارش,0,0,0,0,3
AR00039,كهرباء,هوجن,HJ150-4,كلاكس,0,0,0,0,3
AR00040,كهرباء,هوجن,HJ150-4,مفتاح كونتاكت,0,0,0,0,3
AR00041,كهرباء,هوجن,HJ150-4,فيوز,0,0,0,0,3
AR00042,تحكم,هوجن,HJ150-4,سلك دبرياج,0,0,0,0,3
AR00043,تحكم,هوجن,HJ150-4,سلك بنزين,0,0,0,0,3
AR00044,تحكم,هوجن,HJ150-4,سلك فرامل,0,0,0,0,3
AR00045,تحكم,هوجن,HJ150-4,سلك عداد,0,0,0,0,3
AR00046,فرامل,هوجن,HJ150-4,تيل فرامل أمامي,0,0,0,0,3
AR00047,فرامل,هوجن,HJ150-4,تيل فرامل خلفي,0,0,0,0,3
AR00048,فرامل,هوجن,HJ150-4,سلك فرامل خلفي,0,0,0,0,3
AR00049,فرامل,هوجن,HJ150-4,طقم إصلاح ماستر أمامي,0,0,0,0,3
AR00050,عفشة,هوجن,HJ150-4,تيل شوكة أمامي,0,0,0,0,3
AR00051,عفشة,هوجن,HJ150-4,جلدة شوكة,0,0,0,0,3
AR00052,عفشة,هوجن,HJ150-4,بلي رقبة,0,0,0,0,3
AR00053,عفشة,هوجن,HJ150-4,بلي عجلة أمامي,0,0,0,0,3
AR00054,عفشة,هوجن,HJ150-4,بلي عجلة خلفي,0,0,0,0,3
AR00055,نقل حركة,هوجن,HJ150-4,ترس أمامي,0,0,0,0,3
AR00056,نقل حركة,هوجن,HJ150-4,ترس خلفي,0,0,0,0,3
AR00057,نقل حركة,هوجن,HJ150-4,سلسلة,0,0,0,0,3
AR00058,عفشة,هوجن,HJ150-4,مساعد خلفي,0,0,0,0,3
AR00059,عفشة,هوجن,HJ150-4,مقص/حامل خلفي,0,0,0,0,3
AR00060,هيكل,هوجن,HJ150-4,مراية يمين,0,0,0,0,3
AR00061,هيكل,هوجن,HJ150-4,مراية شمال,0,0,0,0,3
AR00062,هيكل,هوجن,HJ150-4,يد فرامل,0,0,0,0,3
AR00063,هيكل,هوجن,HJ150-4,يد دبرياج,0,0,0,0,3
AR00064,هيكل,هوجن,HJ150-4,كشاف أمامي,0,0,0,0,3
AR00065,هيكل,هوجن,HJ150-4,فانوس خلفي,0,0,0,0,3
AR00066,هيكل,هوجن,HJ150-4,إشارة يمين,0,0,0,0,3
AR00067,هيكل,هوجن,HJ150-4,إشارة شمال,0,0,0,0,3
AR00068,هيكل,هوجن,HJ150-4,غطاء تانك,0,0,0,0,3
AR00069,عجلات,هوجن,HJ150-4,كاوتش أمامي,0,0,0,0,3
AR00070,عجلات,هوجن,HJ150-4,كاوتش خلفي,0,0,0,0,3
AR00071,عجلات,هوجن,HJ150-4,تيوب أمامي,0,0,0,0,3
AR00072,عجلات,هوجن,HJ150-4,تيوب خلفي,0,0,0,0,3
AR00073,عجلات,هوجن,HJ150-4,جنط أمامي,0,0,0,0,3
AR00074,عجلات,هوجن,HJ150-4,جنط خلفي,0,0,0,0,3
AR00075,صيانة,هوجن,HJ150-4,زيت محرك,0,0,0,0,3
AR00076,صيانة,هوجن,HJ150-4,زيت فتيس,0,0,0,0,3
AR00077,صيانة,هوجن,HJ150-4,سير دينامو/شحن,0,0,0,0,3
AR00078,إكسسوارات,هوجن,HJ150-4,كشاف LED,0,0,0,0,3
AR00079,إكسسوارات,هوجن,HJ150-4,جرس/بوري,0,0,0,0,3
AR00080,إكسسوارات,هوجن,HJ150-4,حامل موبايل,0,0,0,0,3
AR00081,إكسسوارات,هوجن,HJ150-4,قفل عجلة,0,0,0,0,3
AR00082,محرك,هوجن,HJ150-3A Tiger,بستم,0,0,0,0,3
AR00083,محرك,هوجن,HJ150-3A Tiger,طقم بستم,0,0,0,0,3
AR00084,محرك,هوجن,HJ150-3A Tiger,شنبر بستم,0,0,0,0,3
AR00085,محرك,هوجن,HJ150-3A Tiger,بنز بستم,0,0,0,0,3
AR00086,محرك,هوجن,HJ150-3A Tiger,جوان وش سلندر,0,0,0,0,3
AR00087,محرك,هوجن,HJ150-3A Tiger,جوان كارتير,0,0,0,0,3
AR00088,محرك,هوجن,HJ150-3A Tiger,جوان غطاء بلوف,0,0,0,0,3
AR00089,محرك,هوجن,HJ150-3A Tiger,صباب سحب,0,0,0,0,3
AR00090,محرك,هوجن,HJ150-3A Tiger,صباب عادم,0,0,0,0,3
AR00091,محرك,هوجن,HJ150-3A Tiger,جلدة صباب,0,0,0,0,3
AR00092,محرك,هوجن,HJ150-3A Tiger,ياي صباب,0,0,0,0,3
AR00093,محرك,هوجن,HJ150-3A Tiger,روكر,0,0,0,0,3
AR00094,محرك,هوجن,HJ150-3A Tiger,عمود كامة,0,0,0,0,3
AR00095,محرك,هوجن,HJ150-3A Tiger,سلسلة كاتينة,0,0,0,0,3
AR00096,محرك,هوجن,HJ150-3A Tiger,شداد كاتينة,0,0,0,0,3
AR00097,محرك,هوجن,HJ150-3A Tiger,طقم دبرياج,0,0,0,0,3
AR00098,محرك,هوجن,HJ150-3A Tiger,ديسك دبرياج,0,0,0,0,3
AR00099,محرك,هوجن,HJ150-3A Tiger,اسطوانة دبرياج,0,0,0,0,3
AR00100,محرك,هوجن,HJ150-3A Tiger,ياي دبرياج,0,0,0,0,3
AR00101,محرك,هوجن,HJ150-3A Tiger,تروس دبرياج,0,0,0,0,3
AR00102,محرك,هوجن,HJ150-3A Tiger,ترس مارش,0,0,0,0,3
AR00103,محرك,هوجن,HJ150-3A Tiger,مارش موتور,0,0,0,0,3
AR00104,محرك,هوجن,HJ150-3A Tiger,حدافة,0,0,0,0,3
AR00105,محرك,هوجن,HJ150-3A Tiger,طلمبة زيت,0,0,0,0,3
AR00106,محرك,هوجن,HJ150-3A Tiger,فلتر زيت,0,0,0,0,3
AR00107,محرك,هوجن,HJ150-3A Tiger,فلتر هواء,0,0,0,0,3
AR00108,وقود,هوجن,HJ150-3A Tiger,كربراتير,0,0,0,0,3
AR00109,وقود,هوجن,HJ150-3A Tiger,طقم إصلاح كربراتير,0,0,0,0,3
AR00110,وقود,هوجن,HJ150-3A Tiger,بنزين حنفية,0,0,0,0,3
AR00111,وقود,هوجن,HJ150-3A Tiger,خرطوم بنزين,0,0,0,0,3
AR00112,وقود,هوجن,HJ150-3A Tiger,فلتر بنزين,0,0,0,0,3
AR00113,كهرباء,هوجن,HJ150-3A Tiger,بوجيه,0,0,0,0,3
AR00114,كهرباء,هوجن,HJ150-3A Tiger,بوبينة,0,0,0,0,3
AR00115,كهرباء,هوجن,HJ150-3A Tiger,CDI,0,0,0,0,3
AR00116,كهرباء,هوجن,HJ150-3A Tiger,منظم شحن,0,0,0,0,3
AR00117,كهرباء,هوجن,HJ150-3A Tiger,مغناطيس,0,0,0,0,3
AR00118,كهرباء,هوجن,HJ150-3A Tiger,بطارية,0,0,0,0,3
AR00119,كهرباء,هوجن,HJ150-3A Tiger,كتاوت مارش,0,0,0,0,3
AR00120,كهرباء,هوجن,HJ150-3A Tiger,كلاكس,0,0,0,0,3
AR00121,كهرباء,هوجن,HJ150-3A Tiger,مفتاح كونتاكت,0,0,0,0,3
AR00122,كهرباء,هوجن,HJ150-3A Tiger,فيوز,0,0,0,0,3
AR00123,تحكم,هوجن,HJ150-3A Tiger,سلك دبرياج,0,0,0,0,3
AR00124,تحكم,هوجن,HJ150-3A Tiger,سلك بنزين,0,0,0,0,3
AR00125,تحكم,هوجن,HJ150-3A Tiger,سلك فرامل,0,0,0,0,3
AR00126,تحكم,هوجن,HJ150-3A Tiger,سلك عداد,0,0,0,0,3
AR00127,فرامل,هوجن,HJ150-3A Tiger,تيل فرامل أمامي,0,0,0,0,3
AR00128,فرامل,هوجن,HJ150-3A Tiger,تيل فرامل خلفي,0,0,0,0,3
AR00129,فرامل,هوجن,HJ150-3A Tiger,سلك فرامل خلفي,0,0,0,0,3
AR00130,فرامل,هوجن,HJ150-3A Tiger,طقم إصلاح ماستر أمامي,0,0,0,0,3
AR00131,عفشة,هوجن,HJ150-3A Tiger,تيل شوكة أمامي,0,0,0,0,3
AR00132,عفشة,هوجن,HJ150-3A Tiger,جلدة شوكة,0,0,0,0,3
AR00133,عفشة,هوجن,HJ150-3A Tiger,بلي رقبة,0,0,0,0,3
AR00134,عفشة,هوجن,HJ150-3A Tiger,بلي عجلة أمامي,0,0,0,0,3
AR00135,عفشة,هوجن,HJ150-3A Tiger,بلي عجلة خلفي,0,0,0,0,3
AR00136,نقل حركة,هوجن,HJ150-3A Tiger,ترس أمامي,0,0,0,0,3
AR00137,نقل حركة,هوجن,HJ150-3A Tiger,ترس خلفي,0,0,0,0,3
AR00138,نقل حركة,هوجن,HJ150-3A Tiger,سلسلة,0,0,0,0,3
AR00139,عفشة,هوجن,HJ150-3A Tiger,مساعد خلفي,0,0,0,0,3
AR00140,عفشة,هوجن,HJ150-3A Tiger,مقص/حامل خلفي,0,0,0,0,3
AR00141,هيكل,هوجن,HJ150-3A Tiger,مراية يمين,0,0,0,0,3
AR00142,هيكل,هوجن,HJ150-3A Tiger,مراية شمال,0,0,0,0,3
AR00143,هيكل,هوجن,HJ150-3A Tiger,يد فرامل,0,0,0,0,3
AR00144,هيكل,هوجن,HJ150-3A Tiger,يد دبرياج,0,0,0,0,3
AR00145,هيكل,هوجن,HJ150-3A Tiger,كشاف أمامي,0,0,0,0,3
AR00146,هيكل,هوجن,HJ150-3A Tiger,فانوس خلفي,0,0,0,0,3
AR00147,هيكل,هوجن,HJ150-3A Tiger,إشارة يمين,0,0,0,0,3
AR00148,هيكل,هوجن,HJ150-3A Tiger,إشارة شمال,0,0,0,0,3
AR00149,هيكل,هوجن,HJ150-3A Tiger,غطاء تانك,0,0,0,0,3
AR00150,عجلات,هوجن,HJ150-3A Tiger,كاوتش أمامي,0,0,0,0,3
AR00151,عجلات,هوجن,HJ150-3A Tiger,كاوتش خلفي,0,0,0,0,3
AR00152,عجلات,هوجن,HJ150-3A Tiger,تيوب أمامي,0,0,0,0,3
AR00153,عجلات,هوجن,HJ150-3A Tiger,تيوب خلفي,0,0,0,0,3
AR00154,عجلات,هوجن,HJ150-3A Tiger,جنط أمامي,0,0,0,0,3
AR00155,عجلات,هوجن,HJ150-3A Tiger,جنط خلفي,0,0,0,0,3
AR00156,صيانة,هوجن,HJ150-3A Tiger,زيت محرك,0,0,0,0,3
AR00157,صيانة,هوجن,HJ150-3A Tiger,زيت فتيس,0,0,0,0,3
AR00158,صيانة,هوجن,HJ150-3A Tiger,سير دينامو/شحن,0,0,0,0,3
AR00159,إكسسوارات,هوجن,HJ150-3A Tiger,كشاف LED,0,0,0,0,3
AR00160,إكسسوارات,هوجن,HJ150-3A Tiger,جرس/بوري,0,0,0,0,3
AR00161,إكسسوارات,هوجن,HJ150-3A Tiger,حامل موبايل,0,0,0,0,3
AR00162,إكسسوارات,هوجن,HJ150-3A Tiger,قفل عجلة,0,0,0,0,3
AR00163,محرك,هوجن,HJ150-8,بستم,0,0,0,0,3
AR00164,محرك,هوجن,HJ150-8,طقم بستم,0,0,0,0,3
AR00165,محرك,هوجن,HJ150-8,شنبر بستم,0,0,0,0,3
AR00166,محرك,هوجن,HJ150-8,بنز بستم,0,0,0,0,3
AR00167,محرك,هوجن,HJ150-8,جوان وش سلندر,0,0,0,0,3
AR00168,محرك,هوجن,HJ150-8,جوان كارتير,0,0,0,0,3
AR00169,محرك,هوجن,HJ150-8,جوان غطاء بلوف,0,0,0,0,3
AR00170,محرك,هوجن,HJ150-8,صباب سحب,0,0,0,0,3
AR00171,محرك,هوجن,HJ150-8,صباب عادم,0,0,0,0,3
AR00172,محرك,هوجن,HJ150-8,جلدة صباب,0,0,0,0,3
AR00173,محرك,هوجن,HJ150-8,ياي صباب,0,0,0,0,3
AR00174,محرك,هوجن,HJ150-8,روكر,0,0,0,0,3
AR00175,محرك,هوجن,HJ150-8,عمود كامة,0,0,0,0,3
AR00176,محرك,هوجن,HJ150-8,سلسلة كاتينة,0,0,0,0,3
AR00177,محرك,هوجن,HJ150-8,شداد كاتينة,0,0,0,0,3
AR00178,محرك,هوجن,HJ150-8,طقم دبرياج,0,0,0,0,3
AR00179,محرك,هوجن,HJ150-8,ديسك دبرياج,0,0,0,0,3
AR00180,محرك,هوجن,HJ150-8,اسطوانة دبرياج,0,0,0,0,3
AR00181,محرك,هوجن,HJ150-8,ياي دبرياج,0,0,0,0,3
AR00182,محرك,هوجن,HJ150-8,تروس دبرياج,0,0,0,0,3
AR00183,محرك,هوجن,HJ150-8,ترس مارش,0,0,0,0,3
AR00184,محرك,هوجن,HJ150-8,مارش موتور,0,0,0,0,3
AR00185,محرك,هوجن,HJ150-8,حدافة,0,0,0,0,3
AR00186,محرك,هوجن,HJ150-8,طلمبة زيت,0,0,0,0,3
AR00187,محرك,هوجن,HJ150-8,فلتر زيت,0,0,0,0,3
AR00188,محرك,هوجن,HJ150-8,فلتر هواء,0,0,0,0,3
AR00189,وقود,هوجن,HJ150-8,كربراتير,0,0,0,0,3
AR00190,وقود,هوجن,HJ150-8,طقم إصلاح كربراتير,0,0,0,0,3
AR00191,وقود,هوجن,HJ150-8,بنزين حنفية,0,0,0,0,3
AR00192,وقود,هوجن,HJ150-8,خرطوم بنزين,0,0,0,0,3
AR00193,وقود,هوجن,HJ150-8,فلتر بنزين,0,0,0,0,3
AR00194,كهرباء,هوجن,HJ150-8,بوجيه,0,0,0,0,3
AR00195,كهرباء,هوجن,HJ150-8,بوبينة,0,0,0,0,3
AR00196,كهرباء,هوجن,HJ150-8,CDI,0,0,0,0,3
AR00197,كهرباء,هوجن,HJ150-8,منظم شحن,0,0,0,0,3
AR00198,كهرباء,هوجن,HJ150-8,مغناطيس,0,0,0,0,3
AR00199,كهرباء,هوجن,HJ150-8,بطارية,0,0,0,0,3
AR00200,كهرباء,هوجن,HJ150-8,كتاوت مارش,0,0,0,0,3
AR00201,كهرباء,هوجن,HJ150-8,كلاكس,0,0,0,0,3
AR00202,كهرباء,هوجن,HJ150-8,مفتاح كونتاكت,0,0,0,0,3
AR00203,كهرباء,هوجن,HJ150-8,فيوز,0,0,0,0,3
AR00204,تحكم,هوجن,HJ150-8,سلك دبرياج,0,0,0,0,3
AR00205,تحكم,هوجن,HJ150-8,سلك بنزين,0,0,0,0,3
AR00206,تحكم,هوجن,HJ150-8,سلك فرامل,0,0,0,0,3
AR00207,تحكم,هوجن,HJ150-8,سلك عداد,0,0,0,0,3
AR00208,فرامل,هوجن,HJ150-8,تيل فرامل أمامي,0,0,0,0,3
AR00209,فرامل,هوجن,HJ150-8,تيل فرامل خلفي,0,0,0,0,3
AR00210,فرامل,هوجن,HJ150-8,سلك فرامل خلفي,0,0,0,0,3
AR00211,فرامل,هوجن,HJ150-8,طقم إصلاح ماستر أمامي,0,0,0,0,3
AR00212,عفشة,هوجن,HJ150-8,تيل شوكة أمامي,0,0,0,0,3
AR00213,عفشة,هوجن,HJ150-8,جلدة شوكة,0,0,0,0,3
AR00214,عفشة,هوجن,HJ150-8,بلي رقبة,0,0,0,0,3
AR00215,عفشة,هوجن,HJ150-8,بلي عجلة أمامي,0,0,0,0,3
AR00216,عفشة,هوجن,HJ150-8,بلي عجلة خلفي,0,0,0,0,3
AR00217,نقل حركة,هوجن,HJ150-8,ترس أمامي,0,0,0,0,3
AR00218,نقل حركة,هوجن,HJ150-8,ترس خلفي,0,0,0,0,3
AR00219,نقل حركة,هوجن,HJ150-8,سلسلة,0,0,0,0,3
AR00220,عفشة,هوجن,HJ150-8,مساعد خلفي,0,0,0,0,3
AR00221,عفشة,هوجن,HJ150-8,مقص/حامل خلفي,0,0,0,0,3
AR00222,هيكل,هوجن,HJ150-8,مراية يمين,0,0,0,0,3
AR00223,هيكل,هوجن,HJ150-8,مراية شمال,0,0,0,0,3
AR00224,هيكل,هوجن,HJ150-8,يد فرامل,0,0,0,0,3
AR00225,هيكل,هوجن,HJ150-8,يد دبرياج,0,0,0,0,3
AR00226,هيكل,هوجن,HJ150-8,كشاف أمامي,0,0,0,0,3
AR00227,هيكل,هوجن,HJ150-8,فانوس خلفي,0,0,0,0,3
AR00228,هيكل,هوجن,HJ150-8,إشارة يمين,0,0,0,0,3
AR00229,هيكل,هوجن,HJ150-8,إشارة شمال,0,0,0,0,3
AR00230,هيكل,هوجن,HJ150-8,غطاء تانك,0,0,0,0,3
AR00231,عجلات,هوجن,HJ150-8,كاوتش أمامي,0,0,0,0,3
AR00232,عجلات,هوجن,HJ150-8,كاوتش خلفي,0,0,0,0,3
AR00233,عجلات,هوجن,HJ150-8,تيوب أمامي,0,0,0,0,3
AR00234,عجلات,هوجن,HJ150-8,تيوب خلفي,0,0,0,0,3
AR00235,عجلات,هوجن,HJ150-8,جنط أمامي,0,0,0,0,3
AR00236,عجلات,هوجن,HJ150-8,جنط خلفي,0,0,0,0,3
AR00237,صيانة,هوجن,HJ150-8,زيت محرك,0,0,0,0,3
AR00238,صيانة,هوجن,HJ150-8,زيت فتيس,0,0,0,0,3
AR00239,صيانة,هوجن,HJ150-8,سير دينامو/شحن,0,0,0,0,3
AR00240,إكسسوارات,هوجن,HJ150-8,كشاف LED,0,0,0,0,3
AR00241,إكسسوارات,هوجن,HJ150-8,جرس/بوري,0,0,0,0,3
AR00242,إكسسوارات,هوجن,HJ150-8,حامل موبايل,0,0,0,0,3
AR00243,إكسسوارات,هوجن,HJ150-8,قفل عجلة,0,0,0,0,3
AR00244,محرك,هوجن,HJ150-7,بستم,0,0,0,0,3
AR00245,محرك,هوجن,HJ150-7,طقم بستم,0,0,0,0,3
AR00246,محرك,هوجن,HJ150-7,شنبر بستم,0,0,0,0,3
AR00247,محرك,هوجن,HJ150-7,بنز بستم,0,0,0,0,3
AR00248,محرك,هوجن,HJ150-7,جوان وش سلندر,0,0,0,0,3
AR00249,محرك,هوجن,HJ150-7,جوان كارتير,0,0,0,0,3
AR00250,محرك,هوجن,HJ150-7,جوان غطاء بلوف,0,0,0,0,3
AR00251,محرك,هوجن,HJ150-7,صباب سحب,0,0,0,0,3
AR00252,محرك,هوجن,HJ150-7,صباب عادم,0,0,0,0,3
AR00253,محرك,هوجن,HJ150-7,جلدة صباب,0,0,0,0,3
AR00254,محرك,هوجن,HJ150-7,ياي صباب,0,0,0,0,3
AR00255,محرك,هوجن,HJ150-7,روكر,0,0,0,0,3
AR00256,محرك,هوجن,HJ150-7,عمود كامة,0,0,0,0,3
AR00257,محرك,هوجن,HJ150-7,سلسلة كاتينة,0,0,0,0,3
AR00258,محرك,هوجن,HJ150-7,شداد كاتينة,0,0,0,0,3
AR00259,محرك,هوجن,HJ150-7,طقم دبرياج,0,0,0,0,3
AR00260,محرك,هوجن,HJ150-7,ديسك دبرياج,0,0,0,0,3
AR00261,محرك,هوجن,HJ150-7,اسطوانة دبرياج,0,0,0,0,3
AR00262,محرك,هوجن,HJ150-7,ياي دبرياج,0,0,0,0,3
AR00263,محرك,هوجن,HJ150-7,تروس دبرياج,0,0,0,0,3
AR00264,محرك,هوجن,HJ150-7,ترس مارش,0,0,0,0,3
AR00265,محرك,هوجن,HJ150-7,مارش موتور,0,0,0,0,3
AR00266,محرك,هوجن,HJ150-7,حدافة,0,0,0,0,3
AR00267,محرك,هوجن,HJ150-7,طلمبة زيت,0,0,0,0,3
AR00268,محرك,هوجن,HJ150-7,فلتر زيت,0,0,0,0,3
AR00269,محرك,هوجن,HJ150-7,فلتر هواء,0,0,0,0,3
AR00270,وقود,هوجن,HJ150-7,كربراتير,0,0,0,0,3
AR00271,وقود,هوجن,HJ150-7,طقم إصلاح كربراتير,0,0,0,0,3
AR00272,وقود,هوجن,HJ150-7,بنزين حنفية,0,0,0,0,3
AR00273,وقود,هوجن,HJ150-7,خرطوم بنزين,0,0,0,0,3
AR00274,وقود,هوجن,HJ150-7,فلتر بنزين,0,0,0,0,3
AR00275,كهرباء,هوجن,HJ150-7,بوجيه,0,0,0,0,3
AR00276,كهرباء,هوجن,HJ150-7,بوبينة,0,0,0,0,3
AR00277,كهرباء,هوجن,HJ150-7,CDI,0,0,0,0,3
AR00278,كهرباء,هوجن,HJ150-7,منظم شحن,0,0,0,0,3
AR00279,كهرباء,هوجن,HJ150-7,مغناطيس,0,0,0,0,3
AR00280,كهرباء,هوجن,HJ150-7,بطارية,0,0,0,0,3
AR00281,كهرباء,هوجن,HJ150-7,كتاوت مارش,0,0,0,0,3
AR00282,كهرباء,هوجن,HJ150-7,كلاكس,0,0,0,0,3
AR00283,كهرباء,هوجن,HJ150-7,مفتاح كونتاكت,0,0,0,0,3
AR00284,كهرباء,هوجن,HJ150-7,فيوز,0,0,0,0,3
AR00285,تحكم,هوجن,HJ150-7,سلك دبرياج,0,0,0,0,3
AR00286,تحكم,هوجن,HJ150-7,سلك بنزين,0,0,0,0,3
AR00287,تحكم,هوجن,HJ150-7,سلك فرامل,0,0,0,0,3
AR00288,تحكم,هوجن,HJ150-7,سلك عداد,0,0,0,0,3
AR00289,فرامل,هوجن,HJ150-7,تيل فرامل أمامي,0,0,0,0,3
AR00290,فرامل,هوجن,HJ150-7,تيل فرامل خلفي,0,0,0,0,3
AR00291,فرامل,هوجن,HJ150-7,سلك فرامل خلفي,0,0,0,0,3
AR00292,فرامل,هوجن,HJ150-7,طقم إصلاح ماستر أمامي,0,0,0,0,3
AR00293,عفشة,هوجن,HJ150-7,تيل شوكة أمامي,0,0,0,0,3
AR00294,عفشة,هوجن,HJ150-7,جلدة شوكة,0,0,0,0,3
AR00295,عفشة,هوجن,HJ150-7,بلي رقبة,0,0,0,0,3
AR00296,عفشة,هوجن,HJ150-7,بلي عجلة أمامي,0,0,0,0,3
AR00297,عفشة,هوجن,HJ150-7,بلي عجلة خلفي,0,0,0,0,3
AR00298,نقل حركة,هوجن,HJ150-7,ترس أمامي,0,0,0,0,3
AR00299,نقل حركة,هوجن,HJ150-7,ترس خلفي,0,0,0,0,3
AR00300,نقل حركة,هوجن,HJ150-7,سلسلة,0,0,0,0,3
AR00301,عفشة,هوجن,HJ150-7,مساعد خلفي,0,0,0,0,3
AR00302,عفشة,هوجن,HJ150-7,مقص/حامل خلفي,0,0,0,0,3
AR00303,هيكل,هوجن,HJ150-7,مراية يمين,0,0,0,0,3
AR00304,هيكل,هوجن,HJ150-7,مراية شمال,0,0,0,0,3
AR00305,هيكل,هوجن,HJ150-7,يد فرامل,0,0,0,0,3
AR00306,هيكل,هوجن,HJ150-7,يد دبرياج,0,0,0,0,3
AR00307,هيكل,هوجن,HJ150-7,كشاف أمامي,0,0,0,0,3
AR00308,هيكل,هوجن,HJ150-7,فانوس خلفي,0,0,0,0,3
AR00309,هيكل,هوجن,HJ150-7,إشارة يمين,0,0,0,0,3
AR00310,هيكل,هوجن,HJ150-7,إشارة شمال,0,0,0,0,3
AR00311,هيكل,هوجن,HJ150-7,غطاء تانك,0,0,0,0,3
AR00312,عجلات,هوجن,HJ150-7,كاوتش أمامي,0,0,0,0,3
AR00313,عجلات,هوجن,HJ150-7,كاوتش خلفي,0,0,0,0,3
AR00314,عجلات,هوجن,HJ150-7,تيوب أمامي,0,0,0,0,3
AR00315,عجلات,هوجن,HJ150-7,تيوب خلفي,0,0,0,0,3
AR00316,عجلات,هوجن,HJ150-7,جنط أمامي,0,0,0,0,3
AR00317,عجلات,هوجن,HJ150-7,جنط خلفي,0,0,0,0,3
AR00318,صيانة,هوجن,HJ150-7,زيت محرك,0,0,0,0,3
AR00319,صيانة,هوجن,HJ150-7,زيت فتيس,0,0,0,0,3
AR00320,صيانة,هوجن,HJ150-7,سير دينامو/شحن,0,0,0,0,3
AR00321,إكسسوارات,هوجن,HJ150-7,كشاف LED,0,0,0,0,3
AR00322,إكسسوارات,هوجن,HJ150-7,جرس/بوري,0,0,0,0,3
AR00323,إكسسوارات,هوجن,HJ150-7,حامل موبايل,0,0,0,0,3
AR00324,إكسسوارات,هوجن,HJ150-7,قفل عجلة,0,0,0,0,3
AR00325,محرك,دايون,DY150-4,بستم,0,0,0,0,3
AR00326,محرك,دايون,DY150-4,طقم بستم,0,0,0,0,3
AR00327,محرك,دايون,DY150-4,شنبر بستم,0,0,0,0,3
AR00328,محرك,دايون,DY150-4,بنز بستم,0,0,0,0,3
AR00329,محرك,دايون,DY150-4,جوان وش سلندر,0,0,0,0,3
AR00330,محرك,دايون,DY150-4,جوان كارتير,0,0,0,0,3
AR00331,محرك,دايون,DY150-4,جوان غطاء بلوف,0,0,0,0,3
AR00332,محرك,دايون,DY150-4,صباب سحب,0,0,0,0,3
AR00333,محرك,دايون,DY150-4,صباب عادم,0,0,0,0,3
AR00334,محرك,دايون,DY150-4,جلدة صباب,0,0,0,0,3
AR00335,محرك,دايون,DY150-4,ياي صباب,0,0,0,0,3
AR00336,محرك,دايون,DY150-4,روكر,0,0,0,0,3
AR00337,محرك,دايون,DY150-4,عمود كامة,0,0,0,0,3
AR00338,محرك,دايون,DY150-4,سلسلة كاتينة,0,0,0,0,3
AR00339,محرك,دايون,DY150-4,شداد كاتينة,0,0,0,0,3
AR00340,محرك,دايون,DY150-4,طقم دبرياج,0,0,0,0,3
AR00341,محرك,دايون,DY150-4,ديسك دبرياج,0,0,0,0,3
AR00342,محرك,دايون,DY150-4,اسطوانة دبرياج,0,0,0,0,3
AR00343,محرك,دايون,DY150-4,ياي دبرياج,0,0,0,0,3
AR00344,محرك,دايون,DY150-4,تروس دبرياج,0,0,0,0,3
AR00345,محرك,دايون,DY150-4,ترس مارش,0,0,0,0,3
AR00346,محرك,دايون,DY150-4,مارش موتور,0,0,0,0,3
AR00347,محرك,دايون,DY150-4,حدافة,0,0,0,0,3
AR00348,محرك,دايون,DY150-4,طلمبة زيت,0,0,0,0,3
AR00349,محرك,دايون,DY150-4,فلتر زيت,0,0,0,0,3
AR00350,محرك,دايون,DY150-4,فلتر هواء,0,0,0,0,3
AR00351,وقود,دايون,DY150-4,كربراتير,0,0,0,0,3
AR00352,وقود,دايون,DY150-4,طقم إصلاح كربراتير,0,0,0,0,3
AR00353,وقود,دايون,DY150-4,بنزين حنفية,0,0,0,0,3
AR00354,وقود,دايون,DY150-4,خرطوم بنزين,0,0,0,0,3
AR00355,وقود,دايون,DY150-4,فلتر بنزين,0,0,0,0,3
AR00356,كهرباء,دايون,DY150-4,بوجيه,0,0,0,0,3
AR00357,كهرباء,دايون,DY150-4,بوبينة,0,0,0,0,3
AR00358,كهرباء,دايون,DY150-4,CDI,0,0,0,0,3
AR00359,كهرباء,دايون,DY150-4,منظم شحن,0,0,0,0,3
AR00360,كهرباء,دايون,DY150-4,مغناطيس,0,0,0,0,3
AR00361,كهرباء,دايون,DY150-4,بطارية,0,0,0,0,3
AR00362,كهرباء,دايون,DY150-4,كتاوت مارش,0,0,0,0,3
AR00363,كهرباء,دايون,DY150-4,كلاكس,0,0,0,0,3
AR00364,كهرباء,دايون,DY150-4,مفتاح كونتاكت,0,0,0,0,3
AR00365,كهرباء,دايون,DY150-4,فيوز,0,0,0,0,3
AR00366,تحكم,دايون,DY150-4,سلك دبرياج,0,0,0,0,3
AR00367,تحكم,دايون,DY150-4,سلك بنزين,0,0,0,0,3
AR00368,تحكم,دايون,DY150-4,سلك فرامل,0,0,0,0,3
AR00369,تحكم,دايون,DY150-4,سلك عداد,0,0,0,0,3
AR00370,فرامل,دايون,DY150-4,تيل فرامل أمامي,0,0,0,0,3
AR00371,فرامل,دايون,DY150-4,تيل فرامل خلفي,0,0,0,0,3
AR00372,فرامل,دايون,DY150-4,سلك فرامل خلفي,0,0,0,0,3
AR00373,فرامل,دايون,DY150-4,طقم إصلاح ماستر أمامي,0,0,0,0,3
AR00374,عفشة,دايون,DY150-4,تيل شوكة أمامي,0,0,0,0,3
AR00375,عفشة,دايون,DY150-4,جلدة شوكة,0,0,0,0,3
AR00376,عفشة,دايون,DY150-4,بلي رقبة,0,0,0,0,3
AR00377,عفشة,دايون,DY150-4,بلي عجلة أمامي,0,0,0,0,3
AR00378,عفشة,دايون,DY150-4,بلي عجلة خلفي,0,0,0,0,3
AR00379,نقل حركة,دايون,DY150-4,ترس أمامي,0,0,0,0,3
AR00380,نقل حركة,دايون,DY150-4,ترس خلفي,0,0,0,0,3
AR00381,نقل حركة,دايون,DY150-4,سلسلة,0,0,0,0,3
AR00382,عفشة,دايون,DY150-4,مساعد خلفي,0,0,0,0,3
AR00383,عفشة,دايون,DY150-4,مقص/حامل خلفي,0,0,0,0,3
AR00384,هيكل,دايون,DY150-4,مراية يمين,0,0,0,0,3
AR00385,هيكل,دايون,DY150-4,مراية شمال,0,0,0,0,3
AR00386,هيكل,دايون,DY150-4,يد فرامل,0,0,0,0,3
AR00387,هيكل,دايون,DY150-4,يد دبرياج,0,0,0,0,3
AR00388,هيكل,دايون,DY150-4,كشاف أمامي,0,0,0,0,3
AR00389,هيكل,دايون,DY150-4,فانوس خلفي,0,0,0,0,3
AR00390,هيكل,دايون,DY150-4,إشارة يمين,0,0,0,0,3
AR00391,هيكل,دايون,DY150-4,إشارة شمال,0,0,0,0,3
AR00392,هيكل,دايون,DY150-4,غطاء تانك,0,0,0,0,3
AR00393,عجلات,دايون,DY150-4,كاوتش أمامي,0,0,0,0,3
AR00394,عجلات,دايون,DY150-4,كاوتش خلفي,0,0,0,0,3
AR00395,عجلات,دايون,DY150-4,تيوب أمامي,0,0,0,0,3
AR00396,عجلات,دايون,DY150-4,تيوب خلفي,0,0,0,0,3
AR00397,عجلات,دايون,DY150-4,جنط أمامي,0,0,0,0,3
AR00398,عجلات,دايون,DY150-4,جنط خلفي,0,0,0,0,3
AR00399,صيانة,دايون,DY150-4,زيت محرك,0,0,0,0,3
AR00400,صيانة,دايون,DY150-4,زيت فتيس,0,0,0,0,3
AR00401,صيانة,دايون,DY150-4,سير دينامو/شحن,0,0,0,0,3
AR00402,إكسسوارات,دايون,DY150-4,كشاف LED,0,0,0,0,3
AR00403,إكسسوارات,دايون,DY150-4,جرس/بوري,0,0,0,0,3
AR00404,إكسسوارات,دايون,DY150-4,حامل موبايل,0,0,0,0,3
AR00405,إكسسوارات,دايون,DY150-4,قفل عجلة,0,0,0,0,3
AR00406,محرك,دايون,DY150-6,بستم,0,0,0,0,3
AR00407,محرك,دايون,DY150-6,طقم بستم,0,0,0,0,3
AR00408,محرك,دايون,DY150-6,شنبر بستم,0,0,0,0,3
AR00409,محرك,دايون,DY150-6,بنز بستم,0,0,0,0,3
AR00410,محرك,دايون,DY150-6,جوان وش سلندر,0,0,0,0,3
AR00411,محرك,دايون,DY150-6,جوان كارتير,0,0,0,0,3
AR00412,محرك,دايون,DY150-6,جوان غطاء بلوف,0,0,0,0,3
AR00413,محرك,دايون,DY150-6,صباب سحب,0,0,0,0,3
AR00414,محرك,دايون,DY150-6,صباب عادم,0,0,0,0,3
AR00415,محرك,دايون,DY150-6,جلدة صباب,0,0,0,0,3
AR00416,محرك,دايون,DY150-6,ياي صباب,0,0,0,0,3
AR00417,محرك,دايون,DY150-6,روكر,0,0,0,0,3
AR00418,محرك,دايون,DY150-6,عمود كامة,0,0,0,0,3
AR00419,محرك,دايون,DY150-6,سلسلة كاتينة,0,0,0,0,3
AR00420,محرك,دايون,DY150-6,شداد كاتينة,0,0,0,0,3
AR00421,محرك,دايون,DY150-6,طقم دبرياج,0,0,0,0,3
AR00422,محرك,دايون,DY150-6,ديسك دبرياج,0,0,0,0,3
AR00423,محرك,دايون,DY150-6,اسطوانة دبرياج,0,0,0,0,3
AR00424,محرك,دايون,DY150-6,ياي دبرياج,0,0,0,0,3
AR00425,محرك,دايون,DY150-6,تروس دبرياج,0,0,0,0,3
AR00426,محرك,دايون,DY150-6,ترس مارش,0,0,0,0,3
AR00427,محرك,دايون,DY150-6,مارش موتور,0,0,0,0,3
AR00428,محرك,دايون,DY150-6,حدافة,0,0,0,0,3
AR00429,محرك,دايون,DY150-6,طلمبة زيت,0,0,0,0,3
AR00430,محرك,دايون,DY150-6,فلتر زيت,0,0,0,0,3
AR00431,محرك,دايون,DY150-6,فلتر هواء,0,0,0,0,3
AR00432,وقود,دايون,DY150-6,كربراتير,0,0,0,0,3
AR00433,وقود,دايون,DY150-6,طقم إصلاح كربراتير,0,0,0,0,3
AR00434,وقود,دايون,DY150-6,بنزين حنفية,0,0,0,0,3
AR00435,وقود,دايون,DY150-6,خرطوم بنزين,0,0,0,0,3
AR00436,وقود,دايون,DY150-6,فلتر بنزين,0,0,0,0,3
AR00437,كهرباء,دايون,DY150-6,بوجيه,0,0,0,0,3
AR00438,كهرباء,دايون,DY150-6,بوبينة,0,0,0,0,3
AR00439,كهرباء,دايون,DY150-6,CDI,0,0,0,0,3
AR00440,كهرباء,دايون,DY150-6,منظم شحن,0,0,0,0,3
AR00441,كهرباء,دايون,DY150-6,مغناطيس,0,0,0,0,3
AR00442,كهرباء,دايون,DY150-6,بطارية,0,0,0,0,3
AR00443,كهرباء,دايون,DY150-6,كتاوت مارش,0,0,0,0,3
AR00444,كهرباء,دايون,DY150-6,كلاكس,0,0,0,0,3
AR00445,كهرباء,دايون,DY150-6,مفتاح كونتاكت,0,0,0,0,3
AR00446,كهرباء,دايون,DY150-6,فيوز,0,0,0,0,3
AR00447,تحكم,دايون,DY150-6,سلك دبرياج,0,0,0,0,3
AR00448,تحكم,دايون,DY150-6,سلك بنزين,0,0,0,0,3
AR00449,تحكم,دايون,DY150-6,سلك فرامل,0,0,0,0,3
AR00450,تحكم,دايون,DY150-6,سلك عداد,0,0,0,0,3
AR00451,فرامل,دايون,DY150-6,تيل فرامل أمامي,0,0,0,0,3
AR00452,فرامل,دايون,DY150-6,تيل فرامل خلفي,0,0,0,0,3
AR00453,فرامل,دايون,DY150-6,سلك فرامل خلفي,0,0,0,0,3
AR00454,فرامل,دايون,DY150-6,طقم إصلاح ماستر أمامي,0,0,0,0,3
AR00455,عفشة,دايون,DY150-6,تيل شوكة أمامي,0,0,0,0,3
AR00456,عفشة,دايون,DY150-6,جلدة شوكة,0,0,0,0,3
AR00457,عفشة,دايون,DY150-6,بلي رقبة,0,0,0,0,3
AR00458,عفشة,دايون,DY150-6,بلي عجلة أمامي,0,0,0,0,3
AR00459,عفشة,دايون,DY150-6,بلي عجلة خلفي,0,0,0,0,3
AR00460,نقل حركة,دايون,DY150-6,ترس أمامي,0,0,0,0,3
AR00461,نقل حركة,دايون,DY150-6,ترس خلفي,0,0,0,0,3
AR00462,نقل حركة,دايون,DY150-6,سلسلة,0,0,0,0,3
AR00463,عفشة,دايون,DY150-6,مساعد خلفي,0,0,0,0,3
AR00464,عفشة,دايون,DY150-6,مقص/حامل خلفي,0,0,0,0,3
AR00465,هيكل,دايون,DY150-6,مراية يمين,0,0,0,0,3
AR00466,هيكل,دايون,DY150-6,مراية شمال,0,0,0,0,3
AR00467,هيكل,دايون,DY150-6,يد فرامل,0,0,0,0,3
AR00468,هيكل,دايون,DY150-6,يد دبرياج,0,0,0,0,3
AR00469,هيكل,دايون,DY150-6,كشاف أمامي,0,0,0,0,3
AR00470,هيكل,دايون,DY150-6,فانوس خلفي,0,0,0,0,3
AR00471,هيكل,دايون,DY150-6,إشارة يمين,0,0,0,0,3
AR00472,هيكل,دايون,DY150-6,إشارة شمال,0,0,0,0,3
AR00473,هيكل,دايون,DY150-6,غطاء تانك,0,0,0,0,3
AR00474,عجلات,دايون,DY150-6,كاوتش أمامي,0,0,0,0,3
AR00475,عجلات,دايون,DY150-6,كاوتش خلفي,0,0,0,0,3
AR00476,عجلات,دايون,DY150-6,تيوب أمامي,0,0,0,0,3
AR00477,عجلات,دايون,DY150-6,تيوب خلفي,0,0,0,0,3
AR00478,عجلات,دايون,DY150-6,جنط أمامي,0,0,0,0,3
AR00479,عجلات,دايون,DY150-6,جنط خلفي,0,0,0,0,3
AR00480,صيانة,دايون,DY150-6,زيت محرك,0,0,0,0,3
AR00481,صيانة,دايون,DY150-6,زيت فتيس,0,0,0,0,3
AR00482,صيانة,دايون,DY150-6,سير دينامو/شحن,0,0,0,0,3
AR00483,إكسسوارات,دايون,DY150-6,كشاف LED,0,0,0,0,3
AR00484,إكسسوارات,دايون,DY150-6,جرس/بوري,0,0,0,0,3
AR00485,إكسسوارات,دايون,DY150-6,حامل موبايل,0,0,0,0,3
AR00486,إكسسوارات,دايون,DY150-6,قفل عجلة,0,0,0,0,3
AR00487,محرك,دايون,DY150-40,بستم,0,0,0,0,3
AR00488,محرك,دايون,DY150-40,طقم بستم,0,0,0,0,3
AR00489,محرك,دايون,DY150-40,شنبر بستم,0,0,0,0,3
AR00490,محرك,دايون,DY150-40,بنز بستم,0,0,0,0,3
AR00491,محرك,دايون,DY150-40,جوان وش سلندر,0,0,0,0,3
AR00492,محرك,دايون,DY150-40,جوان كارتير,0,0,0,0,3
AR00493,محرك,دايون,DY150-40,جوان غطاء بلوف,0,0,0,0,3
AR00494,محرك,دايون,DY150-40,صباب سحب,0,0,0,0,3
AR00495,محرك,دايون,DY150-40,صباب عادم,0,0,0,0,3
AR00496,محرك,دايون,DY150-40,جلدة صباب,0,0,0,0,3
AR00497,محرك,دايون,DY150-40,ياي صباب,0,0,0,0,3
AR00498,محرك,دايون,DY150-40,روكر,0,0,0,0,3
AR00499,محرك,دايون,DY150-40,عمود كامة,0,0,0,0,3
AR00500,محرك,دايون,DY150-40,سلسلة كاتينة,0,0,0,0,3
AR00501,محرك,دايون,DY150-40,شداد كاتينة,0,0,0,0,3
AR00502,محرك,دايون,DY150-40,طقم دبرياج,0,0,0,0,3
AR00503,محرك,دايون,DY150-40,ديسك دبرياج,0,0,0,0,3
AR00504,محرك,دايون,DY150-40,اسطوانة دبرياج,0,0,0,0,3
AR00505,محرك,دايون,DY150-40,ياي دبرياج,0,0,0,0,3
AR00506,محرك,دايون,DY150-40,تروس دبرياج,0,0,0,0,3
AR00507,محرك,دايون,DY150-40,ترس مارش,0,0,0,0,3
AR00508,محرك,دايون,DY150-40,مارش موتور,0,0,0,0,3
AR00509,محرك,دايون,DY150-40,حدافة,0,0,0,0,3
AR00510,محرك,دايون,DY150-40,طلمبة زيت,0,0,0,0,3
AR00511,محرك,دايون,DY150-40,فلتر زيت,0,0,0,0,3
AR00512,محرك,دايون,DY150-40,فلتر هواء,0,0,0,0,3
AR00513,وقود,دايون,DY150-40,كربراتير,0,0,0,0,3
AR00514,وقود,دايون,DY150-40,طقم إصلاح كربراتير,0,0,0,0,3
AR00515,وقود,دايون,DY150-40,بنزين حنفية,0,0,0,0,3
AR00516,وقود,دايون,DY150-40,خرطوم بنزين,0,0,0,0,3
AR00517,وقود,دايون,DY150-40,فلتر بنزين,0,0,0,0,3
AR00518,كهرباء,دايون,DY150-40,بوجيه,0,0,0,0,3
AR00519,كهرباء,دايون,DY150-40,بوبينة,0,0,0,0,3
AR00520,كهرباء,دايون,DY150-40,CDI,0,0,0,0,3
AR00521,كهرباء,دايون,DY150-40,منظم شحن,0,0,0,0,3
AR00522,كهرباء,دايون,DY150-40,مغناطيس,0,0,0,0,3
AR00523,كهرباء,دايون,DY150-40,بطارية,0,0,0,0,3
AR00524,كهرباء,دايون,DY150-40,كتاوت مارش,0,0,0,0,3
AR00525,كهرباء,دايون,DY150-40,كلاكس,0,0,0,0,3
AR00526,كهرباء,دايون,DY150-40,مفتاح كونتاكت,0,0,0,0,3
AR00527,كهرباء,دايون,DY150-40,فيوز,0,0,0,0,3
AR00528,تحكم,دايون,DY150-40,سلك دبرياج,0,0,0,0,3
AR00529,تحكم,دايون,DY150-40,سلك بنزين,0,0,0,0,3
AR00530,تحكم,دايون,DY150-40,سلك فرامل,0,0,0,0,3
AR00531,تحكم,دايون,DY150-40,سلك عداد,0,0,0,0,3
AR00532,فرامل,دايون,DY150-40,تيل فرامل أمامي,0,0,0,0,3
AR00533,فرامل,دايون,DY150-40,تيل فرامل خلفي,0,0,0,0,3
AR00534,فرامل,دايون,DY150-40,سلك فرامل خلفي,0,0,0,0,3
AR00535,فرامل,دايون,DY150-40,طقم إصلاح ماستر أمامي,0,0,0,0,3
AR00536,عفشة,دايون,DY150-40,تيل شوكة أمامي,0,0,0,0,3
AR00537,عفشة,دايون,DY150-40,جلدة شوكة,0,0,0,0,3
AR00538,عفشة,دايون,DY150-40,بلي رقبة,0,0,0,0,3
AR00539,عفشة,دايون,DY150-40,بلي عجلة أمامي,0,0,0,0,3
AR00540,عفشة,دايون,DY150-40,بلي عجلة خلفي,0,0,0,0,3
AR00541,نقل حركة,دايون,DY150-40,ترس أمامي,0,0,0,0,3
AR00542,نقل حركة,دايون,DY150-40,ترس خلفي,0,0,0,0,3
AR00543,نقل حركة,دايون,DY150-40,سلسلة,0,0,0,0,3
AR00544,عفشة,دايون,DY150-40,مساعد خلفي,0,0,0,0,3
AR00545,عفشة,دايون,DY150-40,مقص/حامل خلفي,0,0,0,0,3
AR00546,هيكل,دايون,DY150-40,مراية يمين,0,0,0,0,3
AR00547,هيكل,دايون,DY150-40,مراية شمال,0,0,0,0,3
AR00548,هيكل,دايون,DY150-40,يد فرامل,0,0,0,0,3
AR00549,هيكل,دايون,DY150-40,يد دبرياج,0,0,0,0,3
AR00550,هيكل,دايون,DY150-40,كشاف أمامي,0,0,0,0,3
AR00551,هيكل,دايون,DY150-40,فانوس خلفي,0,0,0,0,3
AR00552,هيكل,دايون,DY150-40,إشارة يمين,0,0,0,0,3
AR00553,هيكل,دايون,DY150-40,إشارة شمال,0,0,0,0,3
AR00554,هيكل,دايون,DY150-40,غطاء تانك,0,0,0,0,3
AR00555,عجلات,دايون,DY150-40,كاوتش أمامي,0,0,0,0,3
AR00556,عجلات,دايون,DY150-40,كاوتش خلفي,0,0,0,0,3
AR00557,عجلات,دايون,DY150-40,تيوب أمامي,0,0,0,0,3
AR00558,عجلات,دايون,DY150-40,تيوب خلفي,0,0,0,0,3
AR00559,عجلات,دايون,DY150-40,جنط أمامي,0,0,0,0,3
AR00560,عجلات,دايون,DY150-40,جنط خلفي,0,0,0,0,3
AR00561,صيانة,دايون,DY150-40,زيت محرك,0,0,0,0,3
AR00562,صيانة,دايون,DY150-40,زيت فتيس,0,0,0,0,3
AR00563,صيانة,دايون,DY150-40,سير دينامو/شحن,0,0,0,0,3
AR00564,إكسسوارات,دايون,DY150-40,كشاف LED,0,0,0,0,3
AR00565,إكسسوارات,دايون,DY150-40,جرس/بوري,0,0,0,0,3
AR00566,إكسسوارات,دايون,DY150-40,حامل موبايل,0,0,0,0,3
AR00567,إكسسوارات,دايون,DY150-40,قفل عجلة,0,0,0,0,3
AR00568,محرك,دايون,DY150-7,بستم,0,0,0,0,3
AR00569,محرك,دايون,DY150-7,طقم بستم,0,0,0,0,3
AR00570,محرك,دايون,DY150-7,شنبر بستم,0,0,0,0,3
AR00571,محرك,دايون,DY150-7,بنز بستم,0,0,0,0,3
AR00572,محرك,دايون,DY150-7,جوان وش سلندر,0,0,0,0,3
AR00573,محرك,دايون,DY150-7,جوان كارتير,0,0,0,0,3
AR00574,محرك,دايون,DY150-7,جوان غطاء بلوف,0,0,0,0,3
AR00575,محرك,دايون,DY150-7,صباب سحب,0,0,0,0,3
AR00576,محرك,دايون,DY150-7,صباب عادم,0,0,0,0,3
AR00577,محرك,دايون,DY150-7,جلدة صباب,0,0,0,0,3
AR00578,محرك,دايون,DY150-7,ياي صباب,0,0,0,0,3
AR00579,محرك,دايون,DY150-7,روكر,0,0,0,0,3
AR00580,محرك,دايون,DY150-7,عمود كامة,0,0,0,0,3
AR00581,محرك,دايون,DY150-7,سلسلة كاتينة,0,0,0,0,3
AR00582,محرك,دايون,DY150-7,شداد كاتينة,0,0,0,0,3
AR00583,محرك,دايون,DY150-7,طقم دبرياج,0,0,0,0,3
AR00584,محرك,دايون,DY150-7,ديسك دبرياج,0,0,0,0,3
AR00585,محرك,دايون,DY150-7,اسطوانة دبرياج,0,0,0,0,3
AR00586,محرك,دايون,DY150-7,ياي دبرياج,0,0,0,0,3
AR00587,محرك,دايون,DY150-7,تروس دبرياج,0,0,0,0,3
AR00588,محرك,دايون,DY150-7,ترس مارش,0,0,0,0,3
AR00589,محرك,دايون,DY150-7,مارش موتور,0,0,0,0,3
AR00590,محرك,دايون,DY150-7,حدافة,0,0,0,0,3
AR00591,محرك,دايون,DY150-7,طلمبة زيت,0,0,0,0,3
AR00592,محرك,دايون,DY150-7,فلتر زيت,0,0,0,0,3
AR00593,محرك,دايون,DY150-7,فلتر هواء,0,0,0,0,3
AR00594,وقود,دايون,DY150-7,كربراتير,0,0,0,0,3
AR00595,وقود,دايون,DY150-7,طقم إصلاح كربراتير,0,0,0,0,3
AR00596,وقود,دايون,DY150-7,بنزين حنفية,0,0,0,0,3
AR00597,وقود,دايون,DY150-7,خرطوم بنزين,0,0,0,0,3
AR00598,وقود,دايون,DY150-7,فلتر بنزين,0,0,0,0,3
AR00599,كهرباء,دايون,DY150-7,بوجيه,0,0,0,0,3
AR00600,كهرباء,دايون,DY150-7,بوبينة,0,0,0,0,3
AR00601,كهرباء,دايون,DY150-7,CDI,0,0,0,0,3
AR00602,كهرباء,دايون,DY150-7,منظم شحن,0,0,0,0,3
AR00603,كهرباء,دايون,DY150-7,مغناطيس,0,0,0,0,3
AR00604,كهرباء,دايون,DY150-7,بطارية,0,0,0,0,3
AR00605,كهرباء,دايون,DY150-7,كتاوت مارش,0,0,0,0,3
AR00606,كهرباء,دايون,DY150-7,كلاكس,0,0,0,0,3
AR00607,كهرباء,دايون,DY150-7,مفتاح كونتاكت,0,0,0,0,3
AR00608,كهرباء,دايون,DY150-7,فيوز,0,0,0,0,3
AR00609,تحكم,دايون,DY150-7,سلك دبرياج,0,0,0,0,3
AR00610,تحكم,دايون,DY150-7,سلك بنزين,0,0,0,0,3
AR00611,تحكم,دايون,DY150-7,سلك فرامل,0,0,0,0,3
AR00612,تحكم,دايون,DY150-7,سلك عداد,0,0,0,0,3
AR00613,فرامل,دايون,DY150-7,تيل فرامل أمامي,0,0,0,0,3
AR00614,فرامل,دايون,DY150-7,تيل فرامل خلفي,0,0,0,0,3
AR00615,فرامل,دايون,DY150-7,سلك فرامل خلفي,0,0,0,0,3
AR00616,فرامل,دايون,DY150-7,طقم إصلاح ماستر أمامي,0,0,0,0,3
AR00617,عفشة,دايون,DY150-7,تيل شوكة أمامي,0,0,0,0,3
AR00618,عفشة,دايون,DY150-7,جلدة شوكة,0,0,0,0,3
AR00619,عفشة,دايون,DY150-7,بلي رقبة,0,0,0,0,3
AR00620,عفشة,دايون,DY150-7,بلي عجلة أمامي,0,0,0,0,3
AR00621,عفشة,دايون,DY150-7,بلي عجلة خلفي,0,0,0,0,3
AR00622,نقل حركة,دايون,DY150-7,ترس أمامي,0,0,0,0,3
AR00623,نقل حركة,دايون,DY150-7,ترس خلفي,0,0,0,0,3
AR00624,نقل حركة,دايون,DY150-7,سلسلة,0,0,0,0,3
AR00625,عفشة,دايون,DY150-7,مساعد خلفي,0,0,0,0,3
AR00626,عفشة,دايون,DY150-7,مقص/حامل خلفي,0,0,0,0,3
AR00627,هيكل,دايون,DY150-7,مراية يمين,0,0,0,0,3
AR00628,هيكل,دايون,DY150-7,مراية شمال,0,0,0,0,3
AR00629,هيكل,دايون,DY150-7,يد فرامل,0,0,0,0,3
AR00630,هيكل,دايون,DY150-7,يد دبرياج,0,0,0,0,3
AR00631,هيكل,دايون,DY150-7,كشاف أمامي,0,0,0,0,3
AR00632,هيكل,دايون,DY150-7,فانوس خلفي,0,0,0,0,3
AR00633,هيكل,دايون,DY150-7,إشارة يمين,0,0,0,0,3
AR00634,هيكل,دايون,DY150-7,إشارة شمال,0,0,0,0,3
AR00635,هيكل,دايون,DY150-7,غطاء تانك,0,0,0,0,3
AR00636,عجلات,دايون,DY150-7,كاوتش أمامي,0,0,0,0,3
AR00637,عجلات,دايون,DY150-7,كاوتش خلفي,0,0,0,0,3
AR00638,عجلات,دايون,DY150-7,تيوب أمامي,0,0,0,0,3
AR00639,عجلات,دايون,DY150-7,تيوب خلفي,0,0,0,0,3
AR00640,عجلات,دايون,DY150-7,جنط أمامي,0,0,0,0,3
AR00641,عجلات,دايون,DY150-7,جنط خلفي,0,0,0,0,3
AR00642,صيانة,دايون,DY150-7,زيت محرك,0,0,0,0,3
AR00643,صيانة,دايون,DY150-7,زيت فتيس,0,0,0,0,3
AR00644,صيانة,دايون,DY150-7,سير دينامو/شحن,0,0,0,0,3
AR00645,إكسسوارات,دايون,DY150-7,كشاف LED,0,0,0,0,3
AR00646,إكسسوارات,دايون,DY150-7,جرس/بوري,0,0,0,0,3
AR00647,إكسسوارات,دايون,DY150-7,حامل موبايل,0,0,0,0,3
AR00648,إكسسوارات,دايون,DY150-7,قفل عجلة,0,0,0,0,3
AR00649,محرك,دايون,DY26,بستم,0,0,0,0,3
AR00650,محرك,دايون,DY26,طقم بستم,0,0,0,0,3
AR00651,محرك,دايون,DY26,شنبر بستم,0,0,0,0,3
AR00652,محرك,دايون,DY26,بنز بستم,0,0,0,0,3
AR00653,محرك,دايون,DY26,جوان وش سلندر,0,0,0,0,3
AR00654,محرك,دايون,DY26,جوان كارتير,0,0,0,0,3
AR00655,محرك,دايون,DY26,جوان غطاء بلوف,0,0,0,0,3
AR00656,محرك,دايون,DY26,صباب سحب,0,0,0,0,3
AR00657,محرك,دايون,DY26,صباب عادم,0,0,0,0,3
AR00658,محرك,دايون,DY26,جلدة صباب,0,0,0,0,3
AR00659,محرك,دايون,DY26,ياي صباب,0,0,0,0,3
AR00660,محرك,دايون,DY26,روكر,0,0,0,0,3
AR00661,محرك,دايون,DY26,عمود كامة,0,0,0,0,3
AR00662,محرك,دايون,DY26,سلسلة كاتينة,0,0,0,0,3
AR00663,محرك,دايون,DY26,شداد كاتينة,0,0,0,0,3
AR00664,محرك,دايون,DY26,طقم دبرياج,0,0,0,0,3
AR00665,محرك,دايون,DY26,ديسك دبرياج,0,0,0,0,3
AR00666,محرك,دايون,DY26,اسطوانة دبرياج,0,0,0,0,3
AR00667,محرك,دايون,DY26,ياي دبرياج,0,0,0,0,3
AR00668,محرك,دايون,DY26,تروس دبرياج,0,0,0,0,3
AR00669,محرك,دايون,DY26,ترس مارش,0,0,0,0,3
AR00670,محرك,دايون,DY26,مارش موتور,0,0,0,0,3
AR00671,محرك,دايون,DY26,حدافة,0,0,0,0,3
AR00672,محرك,دايون,DY26,طلمبة زيت,0,0,0,0,3
AR00673,محرك,دايون,DY26,فلتر زيت,0,0,0,0,3
AR00674,محرك,دايون,DY26,فلتر هواء,0,0,0,0,3
AR00675,وقود,دايون,DY26,كربراتير,0,0,0,0,3
AR00676,وقود,دايون,DY26,طقم إصلاح كربراتير,0,0,0,0,3
AR00677,وقود,دايون,DY26,بنزين حنفية,0,0,0,0,3
AR00678,وقود,دايون,DY26,خرطوم بنزين,0,0,0,0,3
AR00679,وقود,دايون,DY26,فلتر بنزين,0,0,0,0,3
AR00680,كهرباء,دايون,DY26,بوجيه,0,0,0,0,3
AR00681,كهرباء,دايون,DY26,بوبينة,0,0,0,0,3
AR00682,كهرباء,دايون,DY26,CDI,0,0,0,0,3
AR00683,كهرباء,دايون,DY26,منظم شحن,0,0,0,0,3
AR00684,كهرباء,دايون,DY26,مغناطيس,0,0,0,0,3
AR00685,كهرباء,دايون,DY26,بطارية,0,0,0,0,3
AR00686,كهرباء,دايون,DY26,كتاوت مارش,0,0,0,0,3
AR00687,كهرباء,دايون,DY26,كلاكس,0,0,0,0,3
AR00688,كهرباء,دايون,DY26,مفتاح كونتاكت,0,0,0,0,3
AR00689,كهرباء,دايون,DY26,فيوز,0,0,0,0,3
AR00690,تحكم,دايون,DY26,سلك دبرياج,0,0,0,0,3
AR00691,تحكم,دايون,DY26,سلك بنزين,0,0,0,0,3
AR00692,تحكم,دايون,DY26,سلك فرامل,0,0,0,0,3
AR00693,تحكم,دايون,DY26,سلك عداد,0,0,0,0,3
AR00694,فرامل,دايون,DY26,تيل فرامل أمامي,0,0,0,0,3
AR00695,فرامل,دايون,DY26,تيل فرامل خلفي,0,0,0,0,3
AR00696,فرامل,دايون,DY26,سلك فرامل خلفي,0,0,0,0,3
AR00697,فرامل,دايون,DY26,طقم إصلاح ماستر أمامي,0,0,0,0,3
AR00698,عفشة,دايون,DY26,تيل شوكة أمامي,0,0,0,0,3
AR00699,عفشة,دايون,DY26,جلدة شوكة,0,0,0,0,3
AR00700,عفشة,دايون,DY26,بلي رقبة,0,0,0,0,3
AR00701,عفشة,دايون,DY26,بلي عجلة أمامي,0,0,0,0,3
AR00702,عفشة,دايون,DY26,بلي عجلة خلفي,0,0,0,0,3
AR00703,نقل حركة,دايون,DY26,ترس أمامي,0,0,0,0,3
AR00704,نقل حركة,دايون,DY26,ترس خلفي,0,0,0,0,3
AR00705,نقل حركة,دايون,DY26,سلسلة,0,0,0,0,3
AR00706,عفشة,دايون,DY26,مساعد خلفي,0,0,0,0,3
AR00707,عفشة,دايون,DY26,مقص/حامل خلفي,0,0,0,0,3
AR00708,هيكل,دايون,DY26,مراية يمين,0,0,0,0,3
AR00709,هيكل,دايون,DY26,مراية شمال,0,0,0,0,3
AR00710,هيكل,دايون,DY26,يد فرامل,0,0,0,0,3
AR00711,هيكل,دايون,DY26,يد دبرياج,0,0,0,0,3
AR00712,هيكل,دايون,DY26,كشاف أمامي,0,0,0,0,3
AR00713,هيكل,دايون,DY26,فانوس خلفي,0,0,0,0,3
AR00714,هيكل,دايون,DY26,إشارة يمين,0,0,0,0,3
AR00715,هيكل,دايون,DY26,إشارة شمال,0,0,0,0,3
AR00716,هيكل,دايون,DY26,غطاء تانك,0,0,0,0,3
AR00717,عجلات,دايون,DY26,كاوتش أمامي,0,0,0,0,3
AR00718,عجلات,دايون,DY26,كاوتش خلفي,0,0,0,0,3
AR00719,عجلات,دايون,DY26,تيوب أمامي,0,0,0,0,3
AR00720,عجلات,دايون,DY26,تيوب خلفي,0,0,0,0,3
AR00721,عجلات,دايون,DY26,جنط أمامي,0,0,0,0,3
AR00722,عجلات,دايون,DY26,جنط خلفي,0,0,0,0,3
AR00723,صيانة,دايون,DY26,زيت محرك,0,0,0,0,3
AR00724,صيانة,دايون,DY26,زيت فتيس,0,0,0,0,3
AR00725,صيانة,دايون,DY26,سير دينامو/شحن,0,0,0,0,3
AR00726,إكسسوارات,دايون,DY26,كشاف LED,0,0,0,0,3
AR00727,إكسسوارات,دايون,DY26,جرس/بوري,0,0,0,0,3
AR00728,إكسسوارات,دايون,DY26,حامل موبايل,0,0,0,0,3
AR00729,إكسسوارات,دايون,DY26,قفل عجلة,0,0,0,0,3
AR00730,محرك,دايون,DY3,بستم,0,0,0,0,3
AR00731,محرك,دايون,DY3,طقم بستم,0,0,0,0,3
AR00732,محرك,دايون,DY3,شنبر بستم,0,0,0,0,3
AR00733,محرك,دايون,DY3,بنز بستم,0,0,0,0,3
AR00734,محرك,دايون,DY3,جوان وش سلندر,0,0,0,0,3
AR00735,محرك,دايون,DY3,جوان كارتير,0,0,0,0,3
AR00736,محرك,دايون,DY3,جوان غطاء بلوف,0,0,0,0,3
AR00737,محرك,دايون,DY3,صباب سحب,0,0,0,0,3
AR00738,محرك,دايون,DY3,صباب عادم,0,0,0,0,3
AR00739,محرك,دايون,DY3,جلدة صباب,0,0,0,0,3
AR00740,محرك,دايون,DY3,ياي صباب,0,0,0,0,3
AR00741,محرك,دايون,DY3,روكر,0,0,0,0,3
AR00742,محرك,دايون,DY3,عمود كامة,0,0,0,0,3
AR00743,محرك,دايون,DY3,سلسلة كاتينة,0,0,0,0,3
AR00744,محرك,دايون,DY3,شداد كاتينة,0,0,0,0,3
AR00745,محرك,دايون,DY3,طقم دبرياج,0,0,0,0,3
AR00746,محرك,دايون,DY3,ديسك دبرياج,0,0,0,0,3
AR00747,محرك,دايون,DY3,اسطوانة دبرياج,0,0,0,0,3
AR00748,محرك,دايون,DY3,ياي دبرياج,0,0,0,0,3
AR00749,محرك,دايون,DY3,تروس دبرياج,0,0,0,0,3
AR00750,محرك,دايون,DY3,ترس مارش,0,0,0,0,3
AR00751,محرك,دايون,DY3,مارش موتور,0,0,0,0,3
AR00752,محرك,دايون,DY3,حدافة,0,0,0,0,3
AR00753,محرك,دايون,DY3,طلمبة زيت,0,0,0,0,3
AR00754,محرك,دايون,DY3,فلتر زيت,0,0,0,0,3
AR00755,محرك,دايون,DY3,فلتر هواء,0,0,0,0,3
AR00756,وقود,دايون,DY3,كربراتير,0,0,0,0,3
AR00757,وقود,دايون,DY3,طقم إصلاح كربراتير,0,0,0,0,3
AR00758,وقود,دايون,DY3,بنزين حنفية,0,0,0,0,3
AR00759,وقود,دايون,DY3,خرطوم بنزين,0,0,0,0,3
AR00760,وقود,دايون,DY3,فلتر بنزين,0,0,0,0,3
AR00761,كهرباء,دايون,DY3,بوجيه,0,0,0,0,3
AR00762,كهرباء,دايون,DY3,بوبينة,0,0,0,0,3
AR00763,كهرباء,دايون,DY3,CDI,0,0,0,0,3
AR00764,كهرباء,دايون,DY3,منظم شحن,0,0,0,0,3
AR00765,كهرباء,دايون,DY3,مغناطيس,0,0,0,0,3
AR00766,كهرباء,دايون,DY3,بطارية,0,0,0,0,3
AR00767,كهرباء,دايون,DY3,كتاوت مارش,0,0,0,0,3
AR00768,كهرباء,دايون,DY3,كلاكس,0,0,0,0,3
AR00769,كهرباء,دايون,DY3,مفتاح كونتاكت,0,0,0,0,3
AR00770,كهرباء,دايون,DY3,فيوز,0,0,0,0,3
AR00771,تحكم,دايون,DY3,سلك دبرياج,0,0,0,0,3
AR00772,تحكم,دايون,DY3,سلك بنزين,0,0,0,0,3
AR00773,تحكم,دايون,DY3,سلك فرامل,0,0,0,0,3
AR00774,تحكم,دايون,DY3,سلك عداد,0,0,0,0,3
AR00775,فرامل,دايون,DY3,تيل فرامل أمامي,0,0,0,0,3
AR00776,فرامل,دايون,DY3,تيل فرامل خلفي,0,0,0,0,3
AR00777,فرامل,دايون,DY3,سلك فرامل خلفي,0,0,0,0,3
AR00778,فرامل,دايون,DY3,طقم إصلاح ماستر أمامي,0,0,0,0,3
AR00779,عفشة,دايون,DY3,تيل شوكة أمامي,0,0,0,0,3
AR00780,عفشة,دايون,DY3,جلدة شوكة,0,0,0,0,3
AR00781,عفشة,دايون,DY3,بلي رقبة,0,0,0,0,3
AR00782,عفشة,دايون,DY3,بلي عجلة أمامي,0,0,0,0,3
AR00783,عفشة,دايون,DY3,بلي عجلة خلفي,0,0,0,0,3
AR00784,نقل حركة,دايون,DY3,ترس أمامي,0,0,0,0,3
AR00785,نقل حركة,دايون,DY3,ترس خلفي,0,0,0,0,3
AR00786,نقل حركة,دايون,DY3,سلسلة,0,0,0,0,3
AR00787,عفشة,دايون,DY3,مساعد خلفي,0,0,0,0,3
AR00788,عفشة,دايون,DY3,مقص/حامل خلفي,0,0,0,0,3
AR00789,هيكل,دايون,DY3,مراية يمين,0,0,0,0,3
AR00790,هيكل,دايون,DY3,مراية شمال,0,0,0,0,3
AR00791,هيكل,دايون,DY3,يد فرامل,0,0,0,0,3
AR00792,هيكل,دايون,DY3,يد دبرياج,0,0,0,0,3
AR00793,هيكل,دايون,DY3,كشاف أمامي,0,0,0,0,3
AR00794,هيكل,دايون,DY3,فانوس خلفي,0,0,0,0,3
AR00795,هيكل,دايون,DY3,إشارة يمين,0,0,0,0,3
AR00796,هيكل,دايون,DY3,إشارة شمال,0,0,0,0,3
AR00797,هيكل,دايون,DY3,غطاء تانك,0,0,0,0,3
AR00798,عجلات,دايون,DY3,كاوتش أمامي,0,0,0,0,3
AR00799,عجلات,دايون,DY3,كاوتش خلفي,0,0,0,0,3
AR00800,عجلات,دايون,DY3,تيوب أمامي,0,0,0,0,3
AR00801,عجلات,دايون,DY3,تيوب خلفي,0,0,0,0,3
AR00802,عجلات,دايون,DY3,جنط أمامي,0,0,0,0,3
AR00803,عجلات,دايون,DY3,جنط خلفي,0,0,0,0,3
AR00804,صيانة,دايون,DY3,زيت محرك,0,0,0,0,3
AR00805,صيانة,دايون,DY3,زيت فتيس,0,0,0,0,3
AR00806,صيانة,دايون,DY3,سير دينامو/شحن,0,0,0,0,3
AR00807,إكسسوارات,دايون,DY3,كشاف LED,0,0,0,0,3
AR00808,إكسسوارات,دايون,DY3,جرس/بوري,0,0,0,0,3
AR00809,إكسسوارات,دايون,DY3,حامل موبايل,0,0,0,0,3
AR00810,إكسسوارات,دايون,DY3,قفل عجلة,0,0,0,0,3
AR00811,محرك,دايون,2B,بستم,0,0,0,0,3
AR00812,محرك,دايون,2B,طقم بستم,0,0,0,0,3
AR00813,محرك,دايون,2B,شنبر بستم,0,0,0,0,3
AR00814,محرك,دايون,2B,بنز بستم,0,0,0,0,3
AR00815,محرك,دايون,2B,جوان وش سلندر,0,0,0,0,3
AR00816,محرك,دايون,2B,جوان كارتير,0,0,0,0,3
AR00817,محرك,دايون,2B,جوان غطاء بلوف,0,0,0,0,3
AR00818,محرك,دايون,2B,صباب سحب,0,0,0,0,3
AR00819,محرك,دايون,2B,صباب عادم,0,0,0,0,3
AR00820,محرك,دايون,2B,جلدة صباب,0,0,0,0,3
AR00821,محرك,دايون,2B,ياي صباب,0,0,0,0,3
AR00822,محرك,دايون,2B,روكر,0,0,0,0,3
AR00823,محرك,دايون,2B,عمود كامة,0,0,0,0,3
AR00824,محرك,دايون,2B,سلسلة كاتينة,0,0,0,0,3
AR00825,محرك,دايون,2B,شداد كاتينة,0,0,0,0,3
AR00826,محرك,دايون,2B,طقم دبرياج,0,0,0,0,3
AR00827,محرك,دايون,2B,ديسك دبرياج,0,0,0,0,3
AR00828,محرك,دايون,2B,اسطوانة دبرياج,0,0,0,0,3
AR00829,محرك,دايون,2B,ياي دبرياج,0,0,0,0,3
AR00830,محرك,دايون,2B,تروس دبرياج,0,0,0,0,3
AR00831,محرك,دايون,2B,ترس مارش,0,0,0,0,3
AR00832,محرك,دايون,2B,مارش موتور,0,0,0,0,3
AR00833,محرك,دايون,2B,حدافة,0,0,0,0,3
AR00834,محرك,دايون,2B,طلمبة زيت,0,0,0,0,3
AR00835,محرك,دايون,2B,فلتر زيت,0,0,0,0,3
AR00836,محرك,دايون,2B,فلتر هواء,0,0,0,0,3
AR00837,وقود,دايون,2B,كربراتير,0,0,0,0,3
AR00838,وقود,دايون,2B,طقم إصلاح كربراتير,0,0,0,0,3
AR00839,وقود,دايون,2B,بنزين حنفية,0,0,0,0,3
AR00840,وقود,دايون,2B,خرطوم بنزين,0,0,0,0,3
AR00841,وقود,دايون,2B,فلتر بنزين,0,0,0,0,3
AR00842,كهرباء,دايون,2B,بوجيه,0,0,0,0,3
AR00843,كهرباء,دايون,2B,بوبينة,0,0,0,0,3
AR00844,كهرباء,دايون,2B,CDI,0,0,0,0,3
AR00845,كهرباء,دايون,2B,منظم شحن,0,0,0,0,3
AR00846,كهرباء,دايون,2B,مغناطيس,0,0,0,0,3
AR00847,كهرباء,دايون,2B,بطارية,0,0,0,0,3
AR00848,كهرباء,دايون,2B,كتاوت مارش,0,0,0,0,3
AR00849,كهرباء,دايون,2B,كلاكس,0,0,0,0,3
AR00850,كهرباء,دايون,2B,مفتاح كونتاكت,0,0,0,0,3
AR00851,كهرباء,دايون,2B,فيوز,0,0,0,0,3
AR00852,تحكم,دايون,2B,سلك دبرياج,0,0,0,0,3
AR00853,تحكم,دايون,2B,سلك بنزين,0,0,0,0,3
AR00854,تحكم,دايون,2B,سلك فرامل,0,0,0,0,3
AR00855,تحكم,دايون,2B,سلك عداد,0,0,0,0,3
AR00856,فرامل,دايون,2B,تيل فرامل أمامي,0,0,0,0,3
AR00857,فرامل,دايون,2B,تيل فرامل خلفي,0,0,0,0,3
AR00858,فرامل,دايون,2B,سلك فرامل خلفي,0,0,0,0,3
AR00859,فرامل,دايون,2B,طقم إصلاح ماستر أمامي,0,0,0,0,3
AR00860,عفشة,دايون,2B,تيل شوكة أمامي,0,0,0,0,3
AR00861,عفشة,دايون,2B,جلدة شوكة,0,0,0,0,3
AR00862,عفشة,دايون,2B,بلي رقبة,0,0,0,0,3
AR00863,عفشة,دايون,2B,بلي عجلة أمامي,0,0,0,0,3
AR00864,عفشة,دايون,2B,بلي عجلة خلفي,0,0,0,0,3
AR00865,نقل حركة,دايون,2B,ترس أمامي,0,0,0,0,3
AR00866,نقل حركة,دايون,2B,ترس خلفي,0,0,0,0,3
AR00867,نقل حركة,دايون,2B,سلسلة,0,0,0,0,3
AR00868,عفشة,دايون,2B,مساعد خلفي,0,0,0,0,3
AR00869,عفشة,دايون,2B,مقص/حامل خلفي,0,0,0,0,3
AR00870,هيكل,دايون,2B,مراية يمين,0,0,0,0,3
AR00871,هيكل,دايون,2B,مراية شمال,0,0,0,0,3
AR00872,هيكل,دايون,2B,يد فرامل,0,0,0,0,3
AR00873,هيكل,دايون,2B,يد دبرياج,0,0,0,0,3
AR00874,هيكل,دايون,2B,كشاف أمامي,0,0,0,0,3
AR00875,هيكل,دايون,2B,فانوس خلفي,0,0,0,0,3
AR00876,هيكل,دايون,2B,إشارة يمين,0,0,0,0,3
AR00877,هيكل,دايون,2B,إشارة شمال,0,0,0,0,3
AR00878,هيكل,دايون,2B,غطاء تانك,0,0,0,0,3
AR00879,عجلات,دايون,2B,كاوتش أمامي,0,0,0,0,3
AR00880,عجلات,دايون,2B,كاوتش خلفي,0,0,0,0,3
AR00881,عجلات,دايون,2B,تيوب أمامي,0,0,0,0,3
AR00882,عجلات,دايون,2B,تيوب خلفي,0,0,0,0,3
AR00883,عجلات,دايون,2B,جنط أمامي,0,0,0,0,3
AR00884,عجلات,دايون,2B,جنط خلفي,0,0,0,0,3
AR00885,صيانة,دايون,2B,زيت محرك,0,0,0,0,3
AR00886,صيانة,دايون,2B,زيت فتيس,0,0,0,0,3
AR00887,صيانة,دايون,2B,سير دينامو/شحن,0,0,0,0,3
AR00888,إكسسوارات,دايون,2B,كشاف LED,0,0,0,0,3
AR00889,إكسسوارات,دايون,2B,جرس/بوري,0,0,0,0,3
AR00890,إكسسوارات,دايون,2B,حامل موبايل,0,0,0,0,3
AR00891,إكسسوارات,دايون,2B,قفل عجلة,0,0,0,0,3
AR00892,محرك,دايون,CG,بستم,0,0,0,0,3
AR00893,محرك,دايون,CG,طقم بستم,0,0,0,0,3
AR00894,محرك,دايون,CG,شنبر بستم,0,0,0,0,3
AR00895,محرك,دايون,CG,بنز بستم,0,0,0,0,3
AR00896,محرك,دايون,CG,جوان وش سلندر,0,0,0,0,3
AR00897,محرك,دايون,CG,جوان كارتير,0,0,0,0,3
AR00898,محرك,دايون,CG,جوان غطاء بلوف,0,0,0,0,3
AR00899,محرك,دايون,CG,صباب سحب,0,0,0,0,3
AR00900,محرك,دايون,CG,صباب عادم,0,0,0,0,3
AR00901,محرك,دايون,CG,جلدة صباب,0,0,0,0,3
AR00902,محرك,دايون,CG,ياي صباب,0,0,0,0,3
AR00903,محرك,دايون,CG,روكر,0,0,0,0,3
AR00904,محرك,دايون,CG,عمود كامة,0,0,0,0,3
AR00905,محرك,دايون,CG,سلسلة كاتينة,0,0,0,0,3
AR00906,محرك,دايون,CG,شداد كاتينة,0,0,0,0,3
AR00907,محرك,دايون,CG,طقم دبرياج,0,0,0,0,3
AR00908,محرك,دايون,CG,ديسك دبرياج,0,0,0,0,3
AR00909,محرك,دايون,CG,اسطوانة دبرياج,0,0,0,0,3
AR00910,محرك,دايون,CG,ياي دبرياج,0,0,0,0,3
AR00911,محرك,دايون,CG,تروس دبرياج,0,0,0,0,3
AR00912,محرك,دايون,CG,ترس مارش,0,0,0,0,3
AR00913,محرك,دايون,CG,مارش موتور,0,0,0,0,3
AR00914,محرك,دايون,CG,حدافة,0,0,0,0,3
AR00915,محرك,دايون,CG,طلمبة زيت,0,0,0,0,3
AR00916,محرك,دايون,CG,فلتر زيت,0,0,0,0,3
AR00917,محرك,دايون,CG,فلتر هواء,0,0,0,0,3
AR00918,وقود,دايون,CG,كربراتير,0,0,0,0,3
AR00919,وقود,دايون,CG,طقم إصلاح كربراتير,0,0,0,0,3
AR00920,وقود,دايون,CG,بنزين حنفية,0,0,0,0,3
AR00921,وقود,دايون,CG,خرطوم بنزين,0,0,0,0,3
AR00922,وقود,دايون,CG,فلتر بنزين,0,0,0,0,3
AR00923,كهرباء,دايون,CG,بوجيه,0,0,0,0,3
AR00924,كهرباء,دايون,CG,بوبينة,0,0,0,0,3
AR00925,كهرباء,دايون,CG,CDI,0,0,0,0,3
AR00926,كهرباء,دايون,CG,منظم شحن,0,0,0,0,3
AR00927,كهرباء,دايون,CG,مغناطيس,0,0,0,0,3
AR00928,كهرباء,دايون,CG,بطارية,0,0,0,0,3
AR00929,كهرباء,دايون,CG,كتاوت مارش,0,0,0,0,3
AR00930,كهرباء,دايون,CG,كلاكس,0,0,0,0,3
AR00931,كهرباء,دايون,CG,مفتاح كونتاكت,0,0,0,0,3
AR00932,كهرباء,دايون,CG,فيوز,0,0,0,0,3
AR00933,تحكم,دايون,CG,سلك دبرياج,0,0,0,0,3
AR00934,تحكم,دايون,CG,سلك بنزين,0,0,0,0,3
AR00935,تحكم,دايون,CG,سلك فرامل,0,0,0,0,3
AR00936,تحكم,دايون,CG,سلك عداد,0,0,0,0,3
AR00937,فرامل,دايون,CG,تيل فرامل أمامي,0,0,0,0,3
AR00938,فرامل,دايون,CG,تيل فرامل خلفي,0,0,0,0,3
AR00939,فرامل,دايون,CG,سلك فرامل خلفي,0,0,0,0,3
AR00940,فرامل,دايون,CG,طقم إصلاح ماستر أمامي,0,0,0,0,3
AR00941,عفشة,دايون,CG,تيل شوكة أمامي,0,0,0,0,3
AR00942,عفشة,دايون,CG,جلدة شوكة,0,0,0,0,3
AR00943,عفشة,دايون,CG,بلي رقبة,0,0,0,0,3
AR00944,عفشة,دايون,CG,بلي عجلة أمامي,0,0,0,0,3
AR00945,عفشة,دايون,CG,بلي عجلة خلفي,0,0,0,0,3
AR00946,نقل حركة,دايون,CG,ترس أمامي,0,0,0,0,3
AR00947,نقل حركة,دايون,CG,ترس خلفي,0,0,0,0,3
AR00948,نقل حركة,دايون,CG,سلسلة,0,0,0,0,3
AR00949,عفشة,دايون,CG,مساعد خلفي,0,0,0,0,3
AR00950,عفشة,دايون,CG,مقص/حامل خلفي,0,0,0,0,3
AR00951,هيكل,دايون,CG,مراية يمين,0,0,0,0,3
AR00952,هيكل,دايون,CG,مراية شمال,0,0,0,0,3
AR00953,هيكل,دايون,CG,يد فرامل,0,0,0,0,3
AR00954,هيكل,دايون,CG,يد دبرياج,0,0,0,0,3
AR00955,هيكل,دايون,CG,كشاف أمامي,0,0,0,0,3
AR00956,هيكل,دايون,CG,فانوس خلفي,0,0,0,0,3
AR00957,هيكل,دايون,CG,إشارة يمين,0,0,0,0,3
AR00958,هيكل,دايون,CG,إشارة شمال,0,0,0,0,3
AR00959,هيكل,دايون,CG,غطاء تانك,0,0,0,0,3
AR00960,عجلات,دايون,CG,كاوتش أمامي,0,0,0,0,3
AR00961,عجلات,دايون,CG,كاوتش خلفي,0,0,0,0,3
AR00962,عجلات,دايون,CG,تيوب أمامي,0,0,0,0,3
AR00963,عجلات,دايون,CG,تيوب خلفي,0,0,0,0,3
AR00964,عجلات,دايون,CG,جنط أمامي,0,0,0,0,3
AR00965,عجلات,دايون,CG,جنط خلفي,0,0,0,0,3
AR00966,صيانة,دايون,CG,زيت محرك,0,0,0,0,3
AR00967,صيانة,دايون,CG,زيت فتيس,0,0,0,0,3
AR00968,صيانة,دايون,CG,سير دينامو/شحن,0,0,0,0,3
AR00969,إكسسوارات,دايون,CG,كشاف LED,0,0,0,0,3
AR00970,إكسسوارات,دايون,CG,جرس/بوري,0,0,0,0,3
AR00971,إكسسوارات,دايون,CG,حامل موبايل,0,0,0,0,3
AR00972,إكسسوارات,دايون,CG,قفل عجلة,0,0,0,0,3
AR00973,محرك,دايون,D40,بستم,0,0,0,0,3
AR00974,محرك,دايون,D40,طقم بستم,0,0,0,0,3
AR00975,محرك,دايون,D40,شنبر بستم,0,0,0,0,3
AR00976,محرك,دايون,D40,بنز بستم,0,0,0,0,3
AR00977,محرك,دايون,D40,جوان وش سلندر,0,0,0,0,3
AR00978,محرك,دايون,D40,جوان كارتير,0,0,0,0,3
AR00979,محرك,دايون,D40,جوان غطاء بلوف,0,0,0,0,3
AR00980,محرك,دايون,D40,صباب سحب,0,0,0,0,3
AR00981,محرك,دايون,D40,صباب عادم,0,0,0,0,3
AR00982,محرك,دايون,D40,جلدة صباب,0,0,0,0,3
AR00983,محرك,دايون,D40,ياي صباب,0,0,0,0,3
AR00984,محرك,دايون,D40,روكر,0,0,0,0,3
AR00985,محرك,دايون,D40,عمود كامة,0,0,0,0,3
AR00986,محرك,دايون,D40,سلسلة كاتينة,0,0,0,0,3
AR00987,محرك,دايون,D40,شداد كاتينة,0,0,0,0,3
AR00988,محرك,دايون,D40,طقم دبرياج,0,0,0,0,3
AR00989,محرك,دايون,D40,ديسك دبرياج,0,0,0,0,3
AR00990,محرك,دايون,D40,اسطوانة دبرياج,0,0,0,0,3
AR00991,محرك,دايون,D40,ياي دبرياج,0,0,0,0,3
AR00992,محرك,دايون,D40,تروس دبرياج,0,0,0,0,3
AR00993,محرك,دايون,D40,ترس مارش,0,0,0,0,3
AR00994,محرك,دايون,D40,مارش موتور,0,0,0,0,3
AR00995,محرك,دايون,D40,حدافة,0,0,0,0,3
AR00996,محرك,دايون,D40,طلمبة زيت,0,0,0,0,3
AR00997,محرك,دايون,D40,فلتر زيت,0,0,0,0,3
AR00998,محرك,دايون,D40,فلتر هواء,0,0,0,0,3
AR00999,وقود,دايون,D40,كربراتير,0,0,0,0,3
AR01000,وقود,دايون,D40,طقم إصلاح كربراتير,0,0,0,0,3
AR01001,وقود,دايون,D40,بنزين حنفية,0,0,0,0,3
AR01002,وقود,دايون,D40,خرطوم بنزين,0,0,0,0,3
AR01003,وقود,دايون,D40,فلتر بنزين,0,0,0,0,3
AR01004,كهرباء,دايون,D40,بوجيه,0,0,0,0,3
AR01005,كهرباء,دايون,D40,بوبينة,0,0,0,0,3
AR01006,كهرباء,دايون,D40,CDI,0,0,0,0,3
AR01007,كهرباء,دايون,D40,منظم شحن,0,0,0,0,3
AR01008,كهرباء,دايون,D40,مغناطيس,0,0,0,0,3
AR01009,كهرباء,دايون,D40,بطارية,0,0,0,0,3
AR01010,كهرباء,دايون,D40,كتاوت مارش,0,0,0,0,3
AR01011,كهرباء,دايون,D40,كلاكس,0,0,0,0,3
AR01012,كهرباء,دايون,D40,مفتاح كونتاكت,0,0,0,0,3
AR01013,كهرباء,دايون,D40,فيوز,0,0,0,0,3
AR01014,تحكم,دايون,D40,سلك دبرياج,0,0,0,0,3
AR01015,تحكم,دايون,D40,سلك بنزين,0,0,0,0,3
AR01016,تحكم,دايون,D40,سلك فرامل,0,0,0,0,3
AR01017,تحكم,دايون,D40,سلك عداد,0,0,0,0,3
AR01018,فرامل,دايون,D40,تيل فرامل أمامي,0,0,0,0,3
AR01019,فرامل,دايون,D40,تيل فرامل خلفي,0,0,0,0,3
AR01020,فرامل,دايون,D40,سلك فرامل خلفي,0,0,0,0,3
AR01021,فرامل,دايون,D40,طقم إصلاح ماستر أمامي,0,0,0,0,3
AR01022,عفشة,دايون,D40,تيل شوكة أمامي,0,0,0,0,3
AR01023,عفشة,دايون,D40,جلدة شوكة,0,0,0,0,3
AR01024,عفشة,دايون,D40,بلي رقبة,0,0,0,0,3
AR01025,عفشة,دايون,D40,بلي عجلة أمامي,0,0,0,0,3
AR01026,عفشة,دايون,D40,بلي عجلة خلفي,0,0,0,0,3
AR01027,نقل حركة,دايون,D40,ترس أمامي,0,0,0,0,3
AR01028,نقل حركة,دايون,D40,ترس خلفي,0,0,0,0,3
AR01029,نقل حركة,دايون,D40,سلسلة,0,0,0,0,3
AR01030,عفشة,دايون,D40,مساعد خلفي,0,0,0,0,3
AR01031,عفشة,دايون,D40,مقص/حامل خلفي,0,0,0,0,3
AR01032,هيكل,دايون,D40,مراية يمين,0,0,0,0,3
AR01033,هيكل,دايون,D40,مراية شمال,0,0,0,0,3
AR01034,هيكل,دايون,D40,يد فرامل,0,0,0,0,3
AR01035,هيكل,دايون,D40,يد دبرياج,0,0,0,0,3
AR01036,هيكل,دايون,D40,كشاف أمامي,0,0,0,0,3
AR01037,هيكل,دايون,D40,فانوس خلفي,0,0,0,0,3
AR01038,هيكل,دايون,D40,إشارة يمين,0,0,0,0,3
AR01039,هيكل,دايون,D40,إشارة شمال,0,0,0,0,3
AR01040,هيكل,دايون,D40,غطاء تانك,0,0,0,0,3
AR01041,عجلات,دايون,D40,كاوتش أمامي,0,0,0,0,3
AR01042,عجلات,دايون,D40,كاوتش خلفي,0,0,0,0,3
AR01043,عجلات,دايون,D40,تيوب أمامي,0,0,0,0,3
AR01044,عجلات,دايون,D40,تيوب خلفي,0,0,0,0,3
AR01045,عجلات,دايون,D40,جنط أمامي,0,0,0,0,3
AR01046,عجلات,دايون,D40,جنط خلفي,0,0,0,0,3
AR01047,صيانة,دايون,D40,زيت محرك,0,0,0,0,3
AR01048,صيانة,دايون,D40,زيت فتيس,0,0,0,0,3
AR01049,صيانة,دايون,D40,سير دينامو/شحن,0,0,0,0,3
AR01050,إكسسوارات,دايون,D40,كشاف LED,0,0,0,0,3
AR01051,إكسسوارات,دايون,D40,جرس/بوري,0,0,0,0,3
AR01052,إكسسوارات,دايون,D40,حامل موبايل,0,0,0,0,3
AR01053,إكسسوارات,دايون,D40,قفل عجلة,0,0,0,0,3
AR01054,محرك,دايون,Tiger,بستم,0,0,0,0,3
AR01055,محرك,دايون,Tiger,طقم بستم,0,0,0,0,3
AR01056,محرك,دايون,Tiger,شنبر بستم,0,0,0,0,3
AR01057,محرك,دايون,Tiger,بنز بستم,0,0,0,0,3
AR01058,محرك,دايون,Tiger,جوان وش سلندر,0,0,0,0,3
AR01059,محرك,دايون,Tiger,جوان كارتير,0,0,0,0,3
AR01060,محرك,دايون,Tiger,جوان غطاء بلوف,0,0,0,0,3
AR01061,محرك,دايون,Tiger,صباب سحب,0,0,0,0,3
AR01062,محرك,دايون,Tiger,صباب عادم,0,0,0,0,3
AR01063,محرك,دايون,Tiger,جلدة صباب,0,0,0,0,3
AR01064,محرك,دايون,Tiger,ياي صباب,0,0,0,0,3
AR01065,محرك,دايون,Tiger,روكر,0,0,0,0,3
AR01066,محرك,دايون,Tiger,عمود كامة,0,0,0,0,3
AR01067,محرك,دايون,Tiger,سلسلة كاتينة,0,0,0,0,3
AR01068,محرك,دايون,Tiger,شداد كاتينة,0,0,0,0,3
AR01069,محرك,دايون,Tiger,طقم دبرياج,0,0,0,0,3
AR01070,محرك,دايون,Tiger,ديسك دبرياج,0,0,0,0,3
AR01071,محرك,دايون,Tiger,اسطوانة دبرياج,0,0,0,0,3
AR01072,محرك,دايون,Tiger,ياي دبرياج,0,0,0,0,3
AR01073,محرك,دايون,Tiger,تروس دبرياج,0,0,0,0,3
AR01074,محرك,دايون,Tiger,ترس مارش,0,0,0,0,3
AR01075,محرك,دايون,Tiger,مارش موتور,0,0,0,0,3
AR01076,محرك,دايون,Tiger,حدافة,0,0,0,0,3
AR01077,محرك,دايون,Tiger,طلمبة زيت,0,0,0,0,3
AR01078,محرك,دايون,Tiger,فلتر زيت,0,0,0,0,3
AR01079,محرك,دايون,Tiger,فلتر هواء,0,0,0,0,3
AR01080,وقود,دايون,Tiger,كربراتير,0,0,0,0,3
AR01081,وقود,دايون,Tiger,طقم إصلاح كربراتير,0,0,0,0,3
AR01082,وقود,دايون,Tiger,بنزين حنفية,0,0,0,0,3
AR01083,وقود,دايون,Tiger,خرطوم بنزين,0,0,0,0,3
AR01084,وقود,دايون,Tiger,فلتر بنزين,0,0,0,0,3
AR01085,كهرباء,دايون,Tiger,بوجيه,0,0,0,0,3
AR01086,كهرباء,دايون,Tiger,بوبينة,0,0,0,0,3
AR01087,كهرباء,دايون,Tiger,CDI,0,0,0,0,3
AR01088,كهرباء,دايون,Tiger,منظم شحن,0,0,0,0,3
AR01089,كهرباء,دايون,Tiger,مغناطيس,0,0,0,0,3
AR01090,كهرباء,دايون,Tiger,بطارية,0,0,0,0,3
AR01091,كهرباء,دايون,Tiger,كتاوت مارش,0,0,0,0,3
AR01092,كهرباء,دايون,Tiger,كلاكس,0,0,0,0,3
AR01093,كهرباء,دايون,Tiger,مفتاح كونتاكت,0,0,0,0,3
AR01094,كهرباء,دايون,Tiger,فيوز,0,0,0,0,3
AR01095,تحكم,دايون,Tiger,سلك دبرياج,0,0,0,0,3
AR01096,تحكم,دايون,Tiger,سلك بنزين,0,0,0,0,3
AR01097,تحكم,دايون,Tiger,سلك فرامل,0,0,0,0,3
AR01098,تحكم,دايون,Tiger,سلك عداد,0,0,0,0,3
AR01099,فرامل,دايون,Tiger,تيل فرامل أمامي,0,0,0,0,3
AR01100,فرامل,دايون,Tiger,تيل فرامل خلفي,0,0,0,0,3
AR01101,فرامل,دايون,Tiger,سلك فرامل خلفي,0,0,0,0,3
AR01102,فرامل,دايون,Tiger,طقم إصلاح ماستر أمامي,0,0,0,0,3
AR01103,عفشة,دايون,Tiger,تيل شوكة أمامي,0,0,0,0,3
AR01104,عفشة,دايون,Tiger,جلدة شوكة,0,0,0,0,3
AR01105,عفشة,دايون,Tiger,بلي رقبة,0,0,0,0,3
AR01106,عفشة,دايون,Tiger,بلي عجلة أمامي,0,0,0,0,3
AR01107,عفشة,دايون,Tiger,بلي عجلة خلفي,0,0,0,0,3
AR01108,نقل حركة,دايون,Tiger,ترس أمامي,0,0,0,0,3
AR01109,نقل حركة,دايون,Tiger,ترس خلفي,0,0,0,0,3
AR01110,نقل حركة,دايون,Tiger,سلسلة,0,0,0,0,3
AR01111,عفشة,دايون,Tiger,مساعد خلفي,0,0,0,0,3
AR01112,عفشة,دايون,Tiger,مقص/حامل خلفي,0,0,0,0,3
AR01113,هيكل,دايون,Tiger,مراية يمين,0,0,0,0,3
AR01114,هيكل,دايون,Tiger,مراية شمال,0,0,0,0,3
AR01115,هيكل,دايون,Tiger,يد فرامل,0,0,0,0,3
AR01116,هيكل,دايون,Tiger,يد دبرياج,0,0,0,0,3
AR01117,هيكل,دايون,Tiger,كشاف أمامي,0,0,0,0,3
AR01118,هيكل,دايون,Tiger,فانوس خلفي,0,0,0,0,3
AR01119,هيكل,دايون,Tiger,إشارة يمين,0,0,0,0,3
AR01120,هيكل,دايون,Tiger,إشارة شمال,0,0,0,0,3
AR01121,هيكل,دايون,Tiger,غطاء تانك,0,0,0,0,3
AR01122,عجلات,دايون,Tiger,كاوتش أمامي,0,0,0,0,3
AR01123,عجلات,دايون,Tiger,كاوتش خلفي,0,0,0,0,3
AR01124,عجلات,دايون,Tiger,تيوب أمامي,0,0,0,0,3
AR01125,عجلات,دايون,Tiger,تيوب خلفي,0,0,0,0,3
AR01126,عجلات,دايون,Tiger,جنط أمامي,0,0,0,0,3
AR01127,عجلات,دايون,Tiger,جنط خلفي,0,0,0,0,3
AR01128,صيانة,دايون,Tiger,زيت محرك,0,0,0,0,3
AR01129,صيانة,دايون,Tiger,زيت فتيس,0,0,0,0,3
AR01130,صيانة,دايون,Tiger,سير دينامو/شحن,0,0,0,0,3
AR01131,إكسسوارات,دايون,Tiger,كشاف LED,0,0,0,0,3
AR01132,إكسسوارات,دايون,Tiger,جرس/بوري,0,0,0,0,3
AR01133,إكسسوارات,دايون,Tiger,حامل موبايل,0,0,0,0,3
AR01134,إكسسوارات,دايون,Tiger,قفل عجلة,0,0,0,0,3
AR01135,محرك,باجاج,Boxer 150,بستم,0,0,0,0,3
AR01136,محرك,باجاج,Boxer 150,طقم بستم,0,0,0,0,3
AR01137,محرك,باجاج,Boxer 150,شنبر بستم,0,0,0,0,3
AR01138,محرك,باجاج,Boxer 150,بنز بستم,0,0,0,0,3
AR01139,محرك,باجاج,Boxer 150,جوان وش سلندر,0,0,0,0,3
AR01140,محرك,باجاج,Boxer 150,جوان كارتير,0,0,0,0,3
AR01141,محرك,باجاج,Boxer 150,جوان غطاء بلوف,0,0,0,0,3
AR01142,محرك,باجاج,Boxer 150,صباب سحب,0,0,0,0,3
AR01143,محرك,باجاج,Boxer 150,صباب عادم,0,0,0,0,3
AR01144,محرك,باجاج,Boxer 150,جلدة صباب,0,0,0,0,3
AR01145,محرك,باجاج,Boxer 150,ياي صباب,0,0,0,0,3
AR01146,محرك,باجاج,Boxer 150,روكر,0,0,0,0,3
AR01147,محرك,باجاج,Boxer 150,عمود كامة,0,0,0,0,3
AR01148,محرك,باجاج,Boxer 150,سلسلة كاتينة,0,0,0,0,3
AR01149,محرك,باجاج,Boxer 150,شداد كاتينة,0,0,0,0,3
AR01150,محرك,باجاج,Boxer 150,طقم دبرياج,0,0,0,0,3
AR01151,محرك,باجاج,Boxer 150,ديسك دبرياج,0,0,0,0,3
AR01152,محرك,باجاج,Boxer 150,اسطوانة دبرياج,0,0,0,0,3
AR01153,محرك,باجاج,Boxer 150,ياي دبرياج,0,0,0,0,3
AR01154,محرك,باجاج,Boxer 150,تروس دبرياج,0,0,0,0,3
AR01155,محرك,باجاج,Boxer 150,ترس مارش,0,0,0,0,3
AR01156,محرك,باجاج,Boxer 150,مارش موتور,0,0,0,0,3
AR01157,محرك,باجاج,Boxer 150,حدافة,0,0,0,0,3
AR01158,محرك,باجاج,Boxer 150,طلمبة زيت,0,0,0,0,3
AR01159,محرك,باجاج,Boxer 150,فلتر زيت,0,0,0,0,3
AR01160,محرك,باجاج,Boxer 150,فلتر هواء,0,0,0,0,3
AR01161,وقود,باجاج,Boxer 150,كربراتير,0,0,0,0,3
AR01162,وقود,باجاج,Boxer 150,طقم إصلاح كربراتير,0,0,0,0,3
AR01163,وقود,باجاج,Boxer 150,بنزين حنفية,0,0,0,0,3
AR01164,وقود,باجاج,Boxer 150,خرطوم بنزين,0,0,0,0,3
AR01165,وقود,باجاج,Boxer 150,فلتر بنزين,0,0,0,0,3
AR01166,كهرباء,باجاج,Boxer 150,بوجيه,0,0,0,0,3
AR01167,كهرباء,باجاج,Boxer 150,بوبينة,0,0,0,0,3
AR01168,كهرباء,باجاج,Boxer 150,CDI,0,0,0,0,3
AR01169,كهرباء,باجاج,Boxer 150,منظم شحن,0,0,0,0,3
AR01170,كهرباء,باجاج,Boxer 150,مغناطيس,0,0,0,0,3
AR01171,كهرباء,باجاج,Boxer 150,بطارية,0,0,0,0,3
AR01172,كهرباء,باجاج,Boxer 150,كتاوت مارش,0,0,0,0,3
AR01173,كهرباء,باجاج,Boxer 150,كلاكس,0,0,0,0,3
AR01174,كهرباء,باجاج,Boxer 150,مفتاح كونتاكت,0,0,0,0,3
AR01175,كهرباء,باجاج,Boxer 150,فيوز,0,0,0,0,3
AR01176,تحكم,باجاج,Boxer 150,سلك دبرياج,0,0,0,0,3
AR01177,تحكم,باجاج,Boxer 150,سلك بنزين,0,0,0,0,3
AR01178,تحكم,باجاج,Boxer 150,سلك فرامل,0,0,0,0,3
AR01179,تحكم,باجاج,Boxer 150,سلك عداد,0,0,0,0,3
AR01180,فرامل,باجاج,Boxer 150,تيل فرامل أمامي,0,0,0,0,3
AR01181,فرامل,باجاج,Boxer 150,تيل فرامل خلفي,0,0,0,0,3
AR01182,فرامل,باجاج,Boxer 150,سلك فرامل خلفي,0,0,0,0,3
AR01183,فرامل,باجاج,Boxer 150,طقم إصلاح ماستر أمامي,0,0,0,0,3
AR01184,عفشة,باجاج,Boxer 150,تيل شوكة أمامي,0,0,0,0,3
AR01185,عفشة,باجاج,Boxer 150,جلدة شوكة,0,0,0,0,3
AR01186,عفشة,باجاج,Boxer 150,بلي رقبة,0,0,0,0,3
AR01187,عفشة,باجاج,Boxer 150,بلي عجلة أمامي,0,0,0,0,3
AR01188,عفشة,باجاج,Boxer 150,بلي عجلة خلفي,0,0,0,0,3
AR01189,نقل حركة,باجاج,Boxer 150,ترس أمامي,0,0,0,0,3
AR01190,نقل حركة,باجاج,Boxer 150,ترس خلفي,0,0,0,0,3
AR01191,نقل حركة,باجاج,Boxer 150,سلسلة,0,0,0,0,3
AR01192,عفشة,باجاج,Boxer 150,مساعد خلفي,0,0,0,0,3
AR01193,عفشة,باجاج,Boxer 150,مقص/حامل خلفي,0,0,0,0,3
AR01194,هيكل,باجاج,Boxer 150,مراية يمين,0,0,0,0,3
AR01195,هيكل,باجاج,Boxer 150,مراية شمال,0,0,0,0,3
AR01196,هيكل,باجاج,Boxer 150,يد فرامل,0,0,0,0,3
AR01197,هيكل,باجاج,Boxer 150,يد دبرياج,0,0,0,0,3
AR01198,هيكل,باجاج,Boxer 150,كشاف أمامي,0,0,0,0,3
AR01199,هيكل,باجاج,Boxer 150,فانوس خلفي,0,0,0,0,3
AR01200,هيكل,باجاج,Boxer 150,إشارة يمين,0,0,0,0,3
AR01201,هيكل,باجاج,Boxer 150,إشارة شمال,0,0,0,0,3
AR01202,هيكل,باجاج,Boxer 150,غطاء تانك,0,0,0,0,3
AR01203,عجلات,باجاج,Boxer 150,كاوتش أمامي,0,0,0,0,3
AR01204,عجلات,باجاج,Boxer 150,كاوتش خلفي,0,0,0,0,3
AR01205,عجلات,باجاج,Boxer 150,تيوب أمامي,0,0,0,0,3
AR01206,عجلات,باجاج,Boxer 150,تيوب خلفي,0,0,0,0,3
AR01207,عجلات,باجاج,Boxer 150,جنط أمامي,0,0,0,0,3
AR01208,عجلات,باجاج,Boxer 150,جنط خلفي,0,0,0,0,3
AR01209,صيانة,باجاج,Boxer 150,زيت محرك,0,0,0,0,3
AR01210,صيانة,باجاج,Boxer 150,زيت فتيس,0,0,0,0,3
AR01211,صيانة,باجاج,Boxer 150,سير دينامو/شحن,0,0,0,0,3
AR01212,إكسسوارات,باجاج,Boxer 150,كشاف LED,0,0,0,0,3
AR01213,إكسسوارات,باجاج,Boxer 150,جرس/بوري,0,0,0,0,3
AR01214,إكسسوارات,باجاج,Boxer 150,حامل موبايل,0,0,0,0,3
AR01215,إكسسوارات,باجاج,Boxer 150,قفل عجلة,0,0,0,0,3
AR01216,محرك,باجاج,Pulsar 180,بستم,0,0,0,0,3
AR01217,محرك,باجاج,Pulsar 180,طقم بستم,0,0,0,0,3
AR01218,محرك,باجاج,Pulsar 180,شنبر بستم,0,0,0,0,3
AR01219,محرك,باجاج,Pulsar 180,بنز بستم,0,0,0,0,3
AR01220,محرك,باجاج,Pulsar 180,جوان وش سلندر,0,0,0,0,3
AR01221,محرك,باجاج,Pulsar 180,جوان كارتير,0,0,0,0,3
AR01222,محرك,باجاج,Pulsar 180,جوان غطاء بلوف,0,0,0,0,3
AR01223,محرك,باجاج,Pulsar 180,صباب سحب,0,0,0,0,3
AR01224,محرك,باجاج,Pulsar 180,صباب عادم,0,0,0,0,3
AR01225,محرك,باجاج,Pulsar 180,جلدة صباب,0,0,0,0,3
AR01226,محرك,باجاج,Pulsar 180,ياي صباب,0,0,0,0,3
AR01227,محرك,باجاج,Pulsar 180,روكر,0,0,0,0,3
AR01228,محرك,باجاج,Pulsar 180,عمود كامة,0,0,0,0,3
AR01229,محرك,باجاج,Pulsar 180,سلسلة كاتينة,0,0,0,0,3
AR01230,محرك,باجاج,Pulsar 180,شداد كاتينة,0,0,0,0,3
AR01231,محرك,باجاج,Pulsar 180,طقم دبرياج,0,0,0,0,3
AR01232,محرك,باجاج,Pulsar 180,ديسك دبرياج,0,0,0,0,3
AR01233,محرك,باجاج,Pulsar 180,اسطوانة دبرياج,0,0,0,0,3
AR01234,محرك,باجاج,Pulsar 180,ياي دبرياج,0,0,0,0,3
AR01235,محرك,باجاج,Pulsar 180,تروس دبرياج,0,0,0,0,3
AR01236,محرك,باجاج,Pulsar 180,ترس مارش,0,0,0,0,3
AR01237,محرك,باجاج,Pulsar 180,مارش موتور,0,0,0,0,3
AR01238,محرك,باجاج,Pulsar 180,حدافة,0,0,0,0,3
AR01239,محرك,باجاج,Pulsar 180,طلمبة زيت,0,0,0,0,3
AR01240,محرك,باجاج,Pulsar 180,فلتر زيت,0,0,0,0,3
AR01241,محرك,باجاج,Pulsar 180,فلتر هواء,0,0,0,0,3
AR01242,وقود,باجاج,Pulsar 180,كربراتير,0,0,0,0,3
AR01243,وقود,باجاج,Pulsar 180,طقم إصلاح كربراتير,0,0,0,0,3
AR01244,وقود,باجاج,Pulsar 180,بنزين حنفية,0,0,0,0,3
AR01245,وقود,باجاج,Pulsar 180,خرطوم بنزين,0,0,0,0,3
AR01246,وقود,باجاج,Pulsar 180,فلتر بنزين,0,0,0,0,3
AR01247,كهرباء,باجاج,Pulsar 180,بوجيه,0,0,0,0,3
AR01248,كهرباء,باجاج,Pulsar 180,بوبينة,0,0,0,0,3
AR01249,كهرباء,باجاج,Pulsar 180,CDI,0,0,0,0,3
AR01250,كهرباء,باجاج,Pulsar 180,منظم شحن,0,0,0,0,3
AR01251,كهرباء,باجاج,Pulsar 180,مغناطيس,0,0,0,0,3
AR01252,كهرباء,باجاج,Pulsar 180,بطارية,0,0,0,0,3
AR01253,كهرباء,باجاج,Pulsar 180,كتاوت مارش,0,0,0,0,3
AR01254,كهرباء,باجاج,Pulsar 180,كلاكس,0,0,0,0,3
AR01255,كهرباء,باجاج,Pulsar 180,مفتاح كونتاكت,0,0,0,0,3
AR01256,كهرباء,باجاج,Pulsar 180,فيوز,0,0,0,0,3
AR01257,تحكم,باجاج,Pulsar 180,سلك دبرياج,0,0,0,0,3
AR01258,تحكم,باجاج,Pulsar 180,سلك بنزين,0,0,0,0,3
AR01259,تحكم,باجاج,Pulsar 180,سلك فرامل,0,0,0,0,3
AR01260,تحكم,باجاج,Pulsar 180,سلك عداد,0,0,0,0,3
AR01261,فرامل,باجاج,Pulsar 180,تيل فرامل أمامي,0,0,0,0,3
AR01262,فرامل,باجاج,Pulsar 180,تيل فرامل خلفي,0,0,0,0,3
AR01263,فرامل,باجاج,Pulsar 180,سلك فرامل خلفي,0,0,0,0,3
AR01264,فرامل,باجاج,Pulsar 180,طقم إصلاح ماستر أمامي,0,0,0,0,3
AR01265,عفشة,باجاج,Pulsar 180,تيل شوكة أمامي,0,0,0,0,3
AR01266,عفشة,باجاج,Pulsar 180,جلدة شوكة,0,0,0,0,3
AR01267,عفشة,باجاج,Pulsar 180,بلي رقبة,0,0,0,0,3
AR01268,عفشة,باجاج,Pulsar 180,بلي عجلة أمامي,0,0,0,0,3
AR01269,عفشة,باجاج,Pulsar 180,بلي عجلة خلفي,0,0,0,0,3
AR01270,نقل حركة,باجاج,Pulsar 180,ترس أمامي,0,0,0,0,3
AR01271,نقل حركة,باجاج,Pulsar 180,ترس خلفي,0,0,0,0,3
AR01272,نقل حركة,باجاج,Pulsar 180,سلسلة,0,0,0,0,3
AR01273,عفشة,باجاج,Pulsar 180,مساعد خلفي,0,0,0,0,3
AR01274,عفشة,باجاج,Pulsar 180,مقص/حامل خلفي,0,0,0,0,3
AR01275,هيكل,باجاج,Pulsar 180,مراية يمين,0,0,0,0,3
AR01276,هيكل,باجاج,Pulsar 180,مراية شمال,0,0,0,0,3
AR01277,هيكل,باجاج,Pulsar 180,يد فرامل,0,0,0,0,3
AR01278,هيكل,باجاج,Pulsar 180,يد دبرياج,0,0,0,0,3
AR01279,هيكل,باجاج,Pulsar 180,كشاف أمامي,0,0,0,0,3
AR01280,هيكل,باجاج,Pulsar 180,فانوس خلفي,0,0,0,0,3
AR01281,هيكل,باجاج,Pulsar 180,إشارة يمين,0,0,0,0,3
AR01282,هيكل,باجاج,Pulsar 180,إشارة شمال,0,0,0,0,3
AR01283,هيكل,باجاج,Pulsar 180,غطاء تانك,0,0,0,0,3
AR01284,عجلات,باجاج,Pulsar 180,كاوتش أمامي,0,0,0,0,3
AR01285,عجلات,باجاج,Pulsar 180,كاوتش خلفي,0,0,0,0,3
AR01286,عجلات,باجاج,Pulsar 180,تيوب أمامي,0,0,0,0,3
AR01287,عجلات,باجاج,Pulsar 180,تيوب خلفي,0,0,0,0,3
AR01288,عجلات,باجاج,Pulsar 180,جنط أمامي,0,0,0,0,3
AR01289,عجلات,باجاج,Pulsar 180,جنط خلفي,0,0,0,0,3
AR01290,صيانة,باجاج,Pulsar 180,زيت محرك,0,0,0,0,3
AR01291,صيانة,باجاج,Pulsar 180,زيت فتيس,0,0,0,0,3
AR01292,صيانة,باجاج,Pulsar 180,سير دينامو/شحن,0,0,0,0,3
AR01293,إكسسوارات,باجاج,Pulsar 180,كشاف LED,0,0,0,0,3
AR01294,إكسسوارات,باجاج,Pulsar 180,جرس/بوري,0,0,0,0,3
AR01295,إكسسوارات,باجاج,Pulsar 180,حامل موبايل,0,0,0,0,3
AR01296,إكسسوارات,باجاج,Pulsar 180,قفل عجلة,0,0,0,0,3
AR01297,محرك,باجاج,Pulsar 200NS,بستم,0,0,0,0,3
AR01298,محرك,باجاج,Pulsar 200NS,طقم بستم,0,0,0,0,3
AR01299,محرك,باجاج,Pulsar 200NS,شنبر بستم,0,0,0,0,3
AR01300,محرك,باجاج,Pulsar 200NS,بنز بستم,0,0,0,0,3
AR01301,محرك,باجاج,Pulsar 200NS,جوان وش سلندر,0,0,0,0,3
AR01302,محرك,باجاج,Pulsar 200NS,جوان كارتير,0,0,0,0,3
AR01303,محرك,باجاج,Pulsar 200NS,جوان غطاء بلوف,0,0,0,0,3
AR01304,محرك,باجاج,Pulsar 200NS,صباب سحب,0,0,0,0,3
AR01305,محرك,باجاج,Pulsar 200NS,صباب عادم,0,0,0,0,3
AR01306,محرك,باجاج,Pulsar 200NS,جلدة صباب,0,0,0,0,3
AR01307,محرك,باجاج,Pulsar 200NS,ياي صباب,0,0,0,0,3
AR01308,محرك,باجاج,Pulsar 200NS,روكر,0,0,0,0,3
AR01309,محرك,باجاج,Pulsar 200NS,عمود كامة,0,0,0,0,3
AR01310,محرك,باجاج,Pulsar 200NS,سلسلة كاتينة,0,0,0,0,3
AR01311,محرك,باجاج,Pulsar 200NS,شداد كاتينة,0,0,0,0,3
AR01312,محرك,باجاج,Pulsar 200NS,طقم دبرياج,0,0,0,0,3
AR01313,محرك,باجاج,Pulsar 200NS,ديسك دبرياج,0,0,0,0,3
AR01314,محرك,باجاج,Pulsar 200NS,اسطوانة دبرياج,0,0,0,0,3
AR01315,محرك,باجاج,Pulsar 200NS,ياي دبرياج,0,0,0,0,3
AR01316,محرك,باجاج,Pulsar 200NS,تروس دبرياج,0,0,0,0,3
AR01317,محرك,باجاج,Pulsar 200NS,ترس مارش,0,0,0,0,3
AR01318,محرك,باجاج,Pulsar 200NS,مارش موتور,0,0,0,0,3
AR01319,محرك,باجاج,Pulsar 200NS,حدافة,0,0,0,0,3
AR01320,محرك,باجاج,Pulsar 200NS,طلمبة زيت,0,0,0,0,3
AR01321,محرك,باجاج,Pulsar 200NS,فلتر زيت,0,0,0,0,3
AR01322,محرك,باجاج,Pulsar 200NS,فلتر هواء,0,0,0,0,3
AR01323,وقود,باجاج,Pulsar 200NS,كربراتير,0,0,0,0,3
AR01324,وقود,باجاج,Pulsar 200NS,طقم إصلاح كربراتير,0,0,0,0,3
AR01325,وقود,باجاج,Pulsar 200NS,بنزين حنفية,0,0,0,0,3
AR01326,وقود,باجاج,Pulsar 200NS,خرطوم بنزين,0,0,0,0,3
AR01327,وقود,باجاج,Pulsar 200NS,فلتر بنزين,0,0,0,0,3
AR01328,كهرباء,باجاج,Pulsar 200NS,بوجيه,0,0,0,0,3
AR01329,كهرباء,باجاج,Pulsar 200NS,بوبينة,0,0,0,0,3
AR01330,كهرباء,باجاج,Pulsar 200NS,CDI,0,0,0,0,3
AR01331,كهرباء,باجاج,Pulsar 200NS,منظم شحن,0,0,0,0,3
AR01332,كهرباء,باجاج,Pulsar 200NS,مغناطيس,0,0,0,0,3
AR01333,كهرباء,باجاج,Pulsar 200NS,بطارية,0,0,0,0,3
AR01334,كهرباء,باجاج,Pulsar 200NS,كتاوت مارش,0,0,0,0,3
AR01335,كهرباء,باجاج,Pulsar 200NS,كلاكس,0,0,0,0,3
AR01336,كهرباء,باجاج,Pulsar 200NS,مفتاح كونتاكت,0,0,0,0,3
AR01337,كهرباء,باجاج,Pulsar 200NS,فيوز,0,0,0,0,3
AR01338,تحكم,باجاج,Pulsar 200NS,سلك دبرياج,0,0,0,0,3
AR01339,تحكم,باجاج,Pulsar 200NS,سلك بنزين,0,0,0,0,3
AR01340,تحكم,باجاج,Pulsar 200NS,سلك فرامل,0,0,0,0,3
AR01341,تحكم,باجاج,Pulsar 200NS,سلك عداد,0,0,0,0,3
AR01342,فرامل,باجاج,Pulsar 200NS,تيل فرامل أمامي,0,0,0,0,3
AR01343,فرامل,باجاج,Pulsar 200NS,تيل فرامل خلفي,0,0,0,0,3
AR01344,فرامل,باجاج,Pulsar 200NS,سلك فرامل خلفي,0,0,0,0,3
AR01345,فرامل,باجاج,Pulsar 200NS,طقم إصلاح ماستر أمامي,0,0,0,0,3
AR01346,عفشة,باجاج,Pulsar 200NS,تيل شوكة أمامي,0,0,0,0,3
AR01347,عفشة,باجاج,Pulsar 200NS,جلدة شوكة,0,0,0,0,3
AR01348,عفشة,باجاج,Pulsar 200NS,بلي رقبة,0,0,0,0,3
AR01349,عفشة,باجاج,Pulsar 200NS,بلي عجلة أمامي,0,0,0,0,3
AR01350,عفشة,باجاج,Pulsar 200NS,بلي عجلة خلفي,0,0,0,0,3
AR01351,نقل حركة,باجاج,Pulsar 200NS,ترس أمامي,0,0,0,0,3
AR01352,نقل حركة,باجاج,Pulsar 200NS,ترس خلفي,0,0,0,0,3
AR01353,نقل حركة,باجاج,Pulsar 200NS,سلسلة,0,0,0,0,3
AR01354,عفشة,باجاج,Pulsar 200NS,مساعد خلفي,0,0,0,0,3
AR01355,عفشة,باجاج,Pulsar 200NS,مقص/حامل خلفي,0,0,0,0,3
AR01356,هيكل,باجاج,Pulsar 200NS,مراية يمين,0,0,0,0,3
AR01357,هيكل,باجاج,Pulsar 200NS,مراية شمال,0,0,0,0,3
AR01358,هيكل,باجاج,Pulsar 200NS,يد فرامل,0,0,0,0,3
AR01359,هيكل,باجاج,Pulsar 200NS,يد دبرياج,0,0,0,0,3
AR01360,هيكل,باجاج,Pulsar 200NS,كشاف أمامي,0,0,0,0,3
AR01361,هيكل,باجاج,Pulsar 200NS,فانوس خلفي,0,0,0,0,3
AR01362,هيكل,باجاج,Pulsar 200NS,إشارة يمين,0,0,0,0,3
AR01363,هيكل,باجاج,Pulsar 200NS,إشارة شمال,0,0,0,0,3
AR01364,هيكل,باجاج,Pulsar 200NS,غطاء تانك,0,0,0,0,3
AR01365,عجلات,باجاج,Pulsar 200NS,كاوتش أمامي,0,0,0,0,3
AR01366,عجلات,باجاج,Pulsar 200NS,كاوتش خلفي,0,0,0,0,3
AR01367,عجلات,باجاج,Pulsar 200NS,تيوب أمامي,0,0,0,0,3
AR01368,عجلات,باجاج,Pulsar 200NS,تيوب خلفي,0,0,0,0,3
AR01369,عجلات,باجاج,Pulsar 200NS,جنط أمامي,0,0,0,0,3
AR01370,عجلات,باجاج,Pulsar 200NS,جنط خلفي,0,0,0,0,3
AR01371,صيانة,باجاج,Pulsar 200NS,زيت محرك,0,0,0,0,3
AR01372,صيانة,باجاج,Pulsar 200NS,زيت فتيس,0,0,0,0,3
AR01373,صيانة,باجاج,Pulsar 200NS,سير دينامو/شحن,0,0,0,0,3
AR01374,إكسسوارات,باجاج,Pulsar 200NS,كشاف LED,0,0,0,0,3
AR01375,إكسسوارات,باجاج,Pulsar 200NS,جرس/بوري,0,0,0,0,3
AR01376,إكسسوارات,باجاج,Pulsar 200NS,حامل موبايل,0,0,0,0,3
AR01377,إكسسوارات,باجاج,Pulsar 200NS,قفل عجلة,0,0,0,0,3
AR01378,محرك,هاوجي,EG150,بستم,0,0,0,0,3
AR01379,محرك,هاوجي,EG150,طقم بستم,0,0,0,0,3
AR01380,محرك,هاوجي,EG150,شنبر بستم,0,0,0,0,3
AR01381,محرك,هاوجي,EG150,بنز بستم,0,0,0,0,3
AR01382,محرك,هاوجي,EG150,جوان وش سلندر,0,0,0,0,3
AR01383,محرك,هاوجي,EG150,جوان كارتير,0,0,0,0,3
AR01384,محرك,هاوجي,EG150,جوان غطاء بلوف,0,0,0,0,3
AR01385,محرك,هاوجي,EG150,صباب سحب,0,0,0,0,3
AR01386,محرك,هاوجي,EG150,صباب عادم,0,0,0,0,3
AR01387,محرك,هاوجي,EG150,جلدة صباب,0,0,0,0,3
AR01388,محرك,هاوجي,EG150,ياي صباب,0,0,0,0,3
AR01389,محرك,هاوجي,EG150,روكر,0,0,0,0,3
AR01390,محرك,هاوجي,EG150,عمود كامة,0,0,0,0,3
AR01391,محرك,هاوجي,EG150,سلسلة كاتينة,0,0,0,0,3
AR01392,محرك,هاوجي,EG150,شداد كاتينة,0,0,0,0,3
AR01393,محرك,هاوجي,EG150,طقم دبرياج,0,0,0,0,3
AR01394,محرك,هاوجي,EG150,ديسك دبرياج,0,0,0,0,3
AR01395,محرك,هاوجي,EG150,اسطوانة دبرياج,0,0,0,0,3
AR01396,محرك,هاوجي,EG150,ياي دبرياج,0,0,0,0,3
AR01397,محرك,هاوجي,EG150,تروس دبرياج,0,0,0,0,3
AR01398,محرك,هاوجي,EG150,ترس مارش,0,0,0,0,3
AR01399,محرك,هاوجي,EG150,مارش موتور,0,0,0,0,3
AR01400,محرك,هاوجي,EG150,حدافة,0,0,0,0,3
AR01401,محرك,هاوجي,EG150,طلمبة زيت,0,0,0,0,3
AR01402,محرك,هاوجي,EG150,فلتر زيت,0,0,0,0,3
AR01403,محرك,هاوجي,EG150,فلتر هواء,0,0,0,0,3
AR01404,وقود,هاوجي,EG150,كربراتير,0,0,0,0,3
AR01405,وقود,هاوجي,EG150,طقم إصلاح كربراتير,0,0,0,0,3
AR01406,وقود,هاوجي,EG150,بنزين حنفية,0,0,0,0,3
AR01407,وقود,هاوجي,EG150,خرطوم بنزين,0,0,0,0,3
AR01408,وقود,هاوجي,EG150,فلتر بنزين,0,0,0,0,3
AR01409,كهرباء,هاوجي,EG150,بوجيه,0,0,0,0,3
AR01410,كهرباء,هاوجي,EG150,بوبينة,0,0,0,0,3
AR01411,كهرباء,هاوجي,EG150,CDI,0,0,0,0,3
AR01412,كهرباء,هاوجي,EG150,منظم شحن,0,0,0,0,3
AR01413,كهرباء,هاوجي,EG150,مغناطيس,0,0,0,0,3
AR01414,كهرباء,هاوجي,EG150,بطارية,0,0,0,0,3
AR01415,كهرباء,هاوجي,EG150,كتاوت مارش,0,0,0,0,3
AR01416,كهرباء,هاوجي,EG150,كلاكس,0,0,0,0,3
AR01417,كهرباء,هاوجي,EG150,مفتاح كونتاكت,0,0,0,0,3
AR01418,كهرباء,هاوجي,EG150,فيوز,0,0,0,0,3
AR01419,تحكم,هاوجي,EG150,سلك دبرياج,0,0,0,0,3
AR01420,تحكم,هاوجي,EG150,سلك بنزين,0,0,0,0,3
AR01421,تحكم,هاوجي,EG150,سلك فرامل,0,0,0,0,3
AR01422,تحكم,هاوجي,EG150,سلك عداد,0,0,0,0,3
AR01423,فرامل,هاوجي,EG150,تيل فرامل أمامي,0,0,0,0,3
AR01424,فرامل,هاوجي,EG150,تيل فرامل خلفي,0,0,0,0,3
AR01425,فرامل,هاوجي,EG150,سلك فرامل خلفي,0,0,0,0,3
AR01426,فرامل,هاوجي,EG150,طقم إصلاح ماستر أمامي,0,0,0,0,3
AR01427,عفشة,هاوجي,EG150,تيل شوكة أمامي,0,0,0,0,3
AR01428,عفشة,هاوجي,EG150,جلدة شوكة,0,0,0,0,3
AR01429,عفشة,هاوجي,EG150,بلي رقبة,0,0,0,0,3
AR01430,عفشة,هاوجي,EG150,بلي عجلة أمامي,0,0,0,0,3
AR01431,عفشة,هاوجي,EG150,بلي عجلة خلفي,0,0,0,0,3
AR01432,نقل حركة,هاوجي,EG150,ترس أمامي,0,0,0,0,3
AR01433,نقل حركة,هاوجي,EG150,ترس خلفي,0,0,0,0,3
AR01434,نقل حركة,هاوجي,EG150,سلسلة,0,0,0,0,3
AR01435,عفشة,هاوجي,EG150,مساعد خلفي,0,0,0,0,3
AR01436,عفشة,هاوجي,EG150,مقص/حامل خلفي,0,0,0,0,3
AR01437,هيكل,هاوجي,EG150,مراية يمين,0,0,0,0,3
AR01438,هيكل,هاوجي,EG150,مراية شمال,0,0,0,0,3
AR01439,هيكل,هاوجي,EG150,يد فرامل,0,0,0,0,3
AR01440,هيكل,هاوجي,EG150,يد دبرياج,0,0,0,0,3
AR01441,هيكل,هاوجي,EG150,كشاف أمامي,0,0,0,0,3
AR01442,هيكل,هاوجي,EG150,فانوس خلفي,0,0,0,0,3
AR01443,هيكل,هاوجي,EG150,إشارة يمين,0,0,0,0,3
AR01444,هيكل,هاوجي,EG150,إشارة شمال,0,0,0,0,3
AR01445,هيكل,هاوجي,EG150,غطاء تانك,0,0,0,0,3
AR01446,عجلات,هاوجي,EG150,كاوتش أمامي,0,0,0,0,3
AR01447,عجلات,هاوجي,EG150,كاوتش خلفي,0,0,0,0,3
AR01448,عجلات,هاوجي,EG150,تيوب أمامي,0,0,0,0,3
AR01449,عجلات,هاوجي,EG150,تيوب خلفي,0,0,0,0,3
AR01450,عجلات,هاوجي,EG150,جنط أمامي,0,0,0,0,3
AR01451,عجلات,هاوجي,EG150,جنط خلفي,0,0,0,0,3
AR01452,صيانة,هاوجي,EG150,زيت محرك,0,0,0,0,3
AR01453,صيانة,هاوجي,EG150,زيت فتيس,0,0,0,0,3
AR01454,صيانة,هاوجي,EG150,سير دينامو/شحن,0,0,0,0,3
AR01455,إكسسوارات,هاوجي,EG150,كشاف LED,0,0,0,0,3
AR01456,إكسسوارات,هاوجي,EG150,جرس/بوري,0,0,0,0,3
AR01457,إكسسوارات,هاوجي,EG150,حامل موبايل,0,0,0,0,3
AR01458,إكسسوارات,هاوجي,EG150,قفل عجلة,0,0,0,0,3
AR01459,محرك,هاوجي,KA150,بستم,0,0,0,0,3
AR01460,محرك,هاوجي,KA150,طقم بستم,0,0,0,0,3
AR01461,محرك,هاوجي,KA150,شنبر بستم,0,0,0,0,3
AR01462,محرك,هاوجي,KA150,بنز بستم,0,0,0,0,3
AR01463,محرك,هاوجي,KA150,جوان وش سلندر,0,0,0,0,3
AR01464,محرك,هاوجي,KA150,جوان كارتير,0,0,0,0,3
AR01465,محرك,هاوجي,KA150,جوان غطاء بلوف,0,0,0,0,3
AR01466,محرك,هاوجي,KA150,صباب سحب,0,0,0,0,3
AR01467,محرك,هاوجي,KA150,صباب عادم,0,0,0,0,3
AR01468,محرك,هاوجي,KA150,جلدة صباب,0,0,0,0,3
AR01469,محرك,هاوجي,KA150,ياي صباب,0,0,0,0,3
AR01470,محرك,هاوجي,KA150,روكر,0,0,0,0,3
AR01471,محرك,هاوجي,KA150,عمود كامة,0,0,0,0,3
AR01472,محرك,هاوجي,KA150,سلسلة كاتينة,0,0,0,0,3
AR01473,محرك,هاوجي,KA150,شداد كاتينة,0,0,0,0,3
AR01474,محرك,هاوجي,KA150,طقم دبرياج,0,0,0,0,3
AR01475,محرك,هاوجي,KA150,ديسك دبرياج,0,0,0,0,3
AR01476,محرك,هاوجي,KA150,اسطوانة دبرياج,0,0,0,0,3
AR01477,محرك,هاوجي,KA150,ياي دبرياج,0,0,0,0,3
AR01478,محرك,هاوجي,KA150,تروس دبرياج,0,0,0,0,3
AR01479,محرك,هاوجي,KA150,ترس مارش,0,0,0,0,3
AR01480,محرك,هاوجي,KA150,مارش موتور,0,0,0,0,3
AR01481,محرك,هاوجي,KA150,حدافة,0,0,0,0,3
AR01482,محرك,هاوجي,KA150,طلمبة زيت,0,0,0,0,3
AR01483,محرك,هاوجي,KA150,فلتر زيت,0,0,0,0,3
AR01484,محرك,هاوجي,KA150,فلتر هواء,0,0,0,0,3
AR01485,وقود,هاوجي,KA150,كربراتير,0,0,0,0,3
AR01486,وقود,هاوجي,KA150,طقم إصلاح كربراتير,0,0,0,0,3
AR01487,وقود,هاوجي,KA150,بنزين حنفية,0,0,0,0,3
AR01488,وقود,هاوجي,KA150,خرطوم بنزين,0,0,0,0,3
AR01489,وقود,هاوجي,KA150,فلتر بنزين,0,0,0,0,3
AR01490,كهرباء,هاوجي,KA150,بوجيه,0,0,0,0,3
AR01491,كهرباء,هاوجي,KA150,بوبينة,0,0,0,0,3
AR01492,كهرباء,هاوجي,KA150,CDI,0,0,0,0,3
AR01493,كهرباء,هاوجي,KA150,منظم شحن,0,0,0,0,3
AR01494,كهرباء,هاوجي,KA150,مغناطيس,0,0,0,0,3
AR01495,كهرباء,هاوجي,KA150,بطارية,0,0,0,0,3
AR01496,كهرباء,هاوجي,KA150,كتاوت مارش,0,0,0,0,3
AR01497,كهرباء,هاوجي,KA150,كلاكس,0,0,0,0,3
AR01498,كهرباء,هاوجي,KA150,مفتاح كونتاكت,0,0,0,0,3
AR01499,كهرباء,هاوجي,KA150,فيوز,0,0,0,0,3
AR01500,تحكم,هاوجي,KA150,سلك دبرياج,0,0,0,0,3
AR01501,تحكم,هاوجي,KA150,سلك بنزين,0,0,0,0,3
AR01502,تحكم,هاوجي,KA150,سلك فرامل,0,0,0,0,3
AR01503,تحكم,هاوجي,KA150,سلك عداد,0,0,0,0,3
AR01504,فرامل,هاوجي,KA150,تيل فرامل أمامي,0,0,0,0,3
AR01505,فرامل,هاوجي,KA150,تيل فرامل خلفي,0,0,0,0,3
AR01506,فرامل,هاوجي,KA150,سلك فرامل خلفي,0,0,0,0,3
AR01507,فرامل,هاوجي,KA150,طقم إصلاح ماستر أمامي,0,0,0,0,3
AR01508,عفشة,هاوجي,KA150,تيل شوكة أمامي,0,0,0,0,3
AR01509,عفشة,هاوجي,KA150,جلدة شوكة,0,0,0,0,3
AR01510,عفشة,هاوجي,KA150,بلي رقبة,0,0,0,0,3
AR01511,عفشة,هاوجي,KA150,بلي عجلة أمامي,0,0,0,0,3
AR01512,عفشة,هاوجي,KA150,بلي عجلة خلفي,0,0,0,0,3
AR01513,نقل حركة,هاوجي,KA150,ترس أمامي,0,0,0,0,3
AR01514,نقل حركة,هاوجي,KA150,ترس خلفي,0,0,0,0,3
AR01515,نقل حركة,هاوجي,KA150,سلسلة,0,0,0,0,3
AR01516,عفشة,هاوجي,KA150,مساعد خلفي,0,0,0,0,3
AR01517,عفشة,هاوجي,KA150,مقص/حامل خلفي,0,0,0,0,3
AR01518,هيكل,هاوجي,KA150,مراية يمين,0,0,0,0,3
AR01519,هيكل,هاوجي,KA150,مراية شمال,0,0,0,0,3
AR01520,هيكل,هاوجي,KA150,يد فرامل,0,0,0,0,3
AR01521,هيكل,هاوجي,KA150,يد دبرياج,0,0,0,0,3
AR01522,هيكل,هاوجي,KA150,كشاف أمامي,0,0,0,0,3
AR01523,هيكل,هاوجي,KA150,فانوس خلفي,0,0,0,0,3
AR01524,هيكل,هاوجي,KA150,إشارة يمين,0,0,0,0,3
AR01525,هيكل,هاوجي,KA150,إشارة شمال,0,0,0,0,3
AR01526,هيكل,هاوجي,KA150,غطاء تانك,0,0,0,0,3
AR01527,عجلات,هاوجي,KA150,كاوتش أمامي,0,0,0,0,3
AR01528,عجلات,هاوجي,KA150,كاوتش خلفي,0,0,0,0,3
AR01529,عجلات,هاوجي,KA150,تيوب أمامي,0,0,0,0,3
AR01530,عجلات,هاوجي,KA150,تيوب خلفي,0,0,0,0,3
AR01531,عجلات,هاوجي,KA150,جنط أمامي,0,0,0,0,3
AR01532,عجلات,هاوجي,KA150,جنط خلفي,0,0,0,0,3
AR01533,صيانة,هاوجي,KA150,زيت محرك,0,0,0,0,3
AR01534,صيانة,هاوجي,KA150,زيت فتيس,0,0,0,0,3
AR01535,صيانة,هاوجي,KA150,سير دينامو/شحن,0,0,0,0,3
AR01536,إكسسوارات,هاوجي,KA150,كشاف LED,0,0,0,0,3
AR01537,إكسسوارات,هاوجي,KA150,جرس/بوري,0,0,0,0,3
AR01538,إكسسوارات,هاوجي,KA150,حامل موبايل,0,0,0,0,3
AR01539,إكسسوارات,هاوجي,KA150,قفل عجلة,0,0,0,0,3
AR01540,محرك,بينيلي,VLM,بستم,0,0,0,0,3
AR01541,محرك,بينيلي,VLM,طقم بستم,0,0,0,0,3
AR01542,محرك,بينيلي,VLM,شنبر بستم,0,0,0,0,3
AR01543,محرك,بينيلي,VLM,بنز بستم,0,0,0,0,3
AR01544,محرك,بينيلي,VLM,جوان وش سلندر,0,0,0,0,3
AR01545,محرك,بينيلي,VLM,جوان كارتير,0,0,0,0,3
AR01546,محرك,بينيلي,VLM,جوان غطاء بلوف,0,0,0,0,3
AR01547,محرك,بينيلي,VLM,صباب سحب,0,0,0,0,3
AR01548,محرك,بينيلي,VLM,صباب عادم,0,0,0,0,3
AR01549,محرك,بينيلي,VLM,جلدة صباب,0,0,0,0,3
AR01550,محرك,بينيلي,VLM,ياي صباب,0,0,0,0,3
AR01551,محرك,بينيلي,VLM,روكر,0,0,0,0,3
AR01552,محرك,بينيلي,VLM,عمود كامة,0,0,0,0,3
AR01553,محرك,بينيلي,VLM,سلسلة كاتينة,0,0,0,0,3
AR01554,محرك,بينيلي,VLM,شداد كاتينة,0,0,0,0,3
AR01555,محرك,بينيلي,VLM,طقم دبرياج,0,0,0,0,3
AR01556,محرك,بينيلي,VLM,ديسك دبرياج,0,0,0,0,3
AR01557,محرك,بينيلي,VLM,اسطوانة دبرياج,0,0,0,0,3
AR01558,محرك,بينيلي,VLM,ياي دبرياج,0,0,0,0,3
AR01559,محرك,بينيلي,VLM,تروس دبرياج,0,0,0,0,3
AR01560,محرك,بينيلي,VLM,ترس مارش,0,0,0,0,3
AR01561,محرك,بينيلي,VLM,مارش موتور,0,0,0,0,3
AR01562,محرك,بينيلي,VLM,حدافة,0,0,0,0,3
AR01563,محرك,بينيلي,VLM,طلمبة زيت,0,0,0,0,3
AR01564,محرك,بينيلي,VLM,فلتر زيت,0,0,0,0,3
AR01565,محرك,بينيلي,VLM,فلتر هواء,0,0,0,0,3
AR01566,وقود,بينيلي,VLM,كربراتير,0,0,0,0,3
AR01567,وقود,بينيلي,VLM,طقم إصلاح كربراتير,0,0,0,0,3
AR01568,وقود,بينيلي,VLM,بنزين حنفية,0,0,0,0,3
AR01569,وقود,بينيلي,VLM,خرطوم بنزين,0,0,0,0,3
AR01570,وقود,بينيلي,VLM,فلتر بنزين,0,0,0,0,3
AR01571,كهرباء,بينيلي,VLM,بوجيه,0,0,0,0,3
AR01572,كهرباء,بينيلي,VLM,بوبينة,0,0,0,0,3
AR01573,كهرباء,بينيلي,VLM,CDI,0,0,0,0,3
AR01574,كهرباء,بينيلي,VLM,منظم شحن,0,0,0,0,3
AR01575,كهرباء,بينيلي,VLM,مغناطيس,0,0,0,0,3
AR01576,كهرباء,بينيلي,VLM,بطارية,0,0,0,0,3
AR01577,كهرباء,بينيلي,VLM,كتاوت مارش,0,0,0,0,3
AR01578,كهرباء,بينيلي,VLM,كلاكس,0,0,0,0,3
AR01579,كهرباء,بينيلي,VLM,مفتاح كونتاكت,0,0,0,0,3
AR01580,كهرباء,بينيلي,VLM,فيوز,0,0,0,0,3
AR01581,تحكم,بينيلي,VLM,سلك دبرياج,0,0,0,0,3
AR01582,تحكم,بينيلي,VLM,سلك بنزين,0,0,0,0,3
AR01583,تحكم,بينيلي,VLM,سلك فرامل,0,0,0,0,3
AR01584,تحكم,بينيلي,VLM,سلك عداد,0,0,0,0,3
AR01585,فرامل,بينيلي,VLM,تيل فرامل أمامي,0,0,0,0,3
AR01586,فرامل,بينيلي,VLM,تيل فرامل خلفي,0,0,0,0,3
AR01587,فرامل,بينيلي,VLM,سلك فرامل خلفي,0,0,0,0,3
AR01588,فرامل,بينيلي,VLM,طقم إصلاح ماستر أمامي,0,0,0,0,3
AR01589,عفشة,بينيلي,VLM,تيل شوكة أمامي,0,0,0,0,3
AR01590,عفشة,بينيلي,VLM,جلدة شوكة,0,0,0,0,3
AR01591,عفشة,بينيلي,VLM,بلي رقبة,0,0,0,0,3
AR01592,عفشة,بينيلي,VLM,بلي عجلة أمامي,0,0,0,0,3
AR01593,عفشة,بينيلي,VLM,بلي عجلة خلفي,0,0,0,0,3
AR01594,نقل حركة,بينيلي,VLM,ترس أمامي,0,0,0,0,3
AR01595,نقل حركة,بينيلي,VLM,ترس خلفي,0,0,0,0,3
AR01596,نقل حركة,بينيلي,VLM,سلسلة,0,0,0,0,3
AR01597,عفشة,بينيلي,VLM,مساعد خلفي,0,0,0,0,3
AR01598,عفشة,بينيلي,VLM,مقص/حامل خلفي,0,0,0,0,3
AR01599,هيكل,بينيلي,VLM,مراية يمين,0,0,0,0,3
AR01600,هيكل,بينيلي,VLM,مراية شمال,0,0,0,0,3
AR01601,هيكل,بينيلي,VLM,يد فرامل,0,0,0,0,3
AR01602,هيكل,بينيلي,VLM,يد دبرياج,0,0,0,0,3
AR01603,هيكل,بينيلي,VLM,كشاف أمامي,0,0,0,0,3
AR01604,هيكل,بينيلي,VLM,فانوس خلفي,0,0,0,0,3
AR01605,هيكل,بينيلي,VLM,إشارة يمين,0,0,0,0,3
AR01606,هيكل,بينيلي,VLM,إشارة شمال,0,0,0,0,3
AR01607,هيكل,بينيلي,VLM,غطاء تانك,0,0,0,0,3
AR01608,عجلات,بينيلي,VLM,كاوتش أمامي,0,0,0,0,3
AR01609,عجلات,بينيلي,VLM,كاوتش خلفي,0,0,0,0,3
AR01610,عجلات,بينيلي,VLM,تيوب أمامي,0,0,0,0,3
AR01611,عجلات,بينيلي,VLM,تيوب خلفي,0,0,0,0,3
AR01612,عجلات,بينيلي,VLM,جنط أمامي,0,0,0,0,3
AR01613,عجلات,بينيلي,VLM,جنط خلفي,0,0,0,0,3
AR01614,صيانة,بينيلي,VLM,زيت محرك,0,0,0,0,3
AR01615,صيانة,بينيلي,VLM,زيت فتيس,0,0,0,0,3
AR01616,صيانة,بينيلي,VLM,سير دينامو/شحن,0,0,0,0,3
AR01617,إكسسوارات,بينيلي,VLM,كشاف LED,0,0,0,0,3
AR01618,إكسسوارات,بينيلي,VLM,جرس/بوري,0,0,0,0,3
AR01619,إكسسوارات,بينيلي,VLM,حامل موبايل,0,0,0,0,3
AR01620,إكسسوارات,بينيلي,VLM,قفل عجلة,0,0,0,0,3
AR01621,محرك,بينيلي,VLC,بستم,0,0,0,0,3
AR01622,محرك,بينيلي,VLC,طقم بستم,0,0,0,0,3
AR01623,محرك,بينيلي,VLC,شنبر بستم,0,0,0,0,3
AR01624,محرك,بينيلي,VLC,بنز بستم,0,0,0,0,3
AR01625,محرك,بينيلي,VLC,جوان وش سلندر,0,0,0,0,3
AR01626,محرك,بينيلي,VLC,جوان كارتير,0,0,0,0,3
AR01627,محرك,بينيلي,VLC,جوان غطاء بلوف,0,0,0,0,3
AR01628,محرك,بينيلي,VLC,صباب سحب,0,0,0,0,3
AR01629,محرك,بينيلي,VLC,صباب عادم,0,0,0,0,3
AR01630,محرك,بينيلي,VLC,جلدة صباب,0,0,0,0,3
AR01631,محرك,بينيلي,VLC,ياي صباب,0,0,0,0,3
AR01632,محرك,بينيلي,VLC,روكر,0,0,0,0,3
AR01633,محرك,بينيلي,VLC,عمود كامة,0,0,0,0,3
AR01634,محرك,بينيلي,VLC,سلسلة كاتينة,0,0,0,0,3
AR01635,محرك,بينيلي,VLC,شداد كاتينة,0,0,0,0,3
AR01636,محرك,بينيلي,VLC,طقم دبرياج,0,0,0,0,3
AR01637,محرك,بينيلي,VLC,ديسك دبرياج,0,0,0,0,3
AR01638,محرك,بينيلي,VLC,اسطوانة دبرياج,0,0,0,0,3
AR01639,محرك,بينيلي,VLC,ياي دبرياج,0,0,0,0,3
AR01640,محرك,بينيلي,VLC,تروس دبرياج,0,0,0,0,3
AR01641,محرك,بينيلي,VLC,ترس مارش,0,0,0,0,3
AR01642,محرك,بينيلي,VLC,مارش موتور,0,0,0,0,3
AR01643,محرك,بينيلي,VLC,حدافة,0,0,0,0,3
AR01644,محرك,بينيلي,VLC,طلمبة زيت,0,0,0,0,3
AR01645,محرك,بينيلي,VLC,فلتر زيت,0,0,0,0,3
AR01646,محرك,بينيلي,VLC,فلتر هواء,0,0,0,0,3
AR01647,وقود,بينيلي,VLC,كربراتير,0,0,0,0,3
AR01648,وقود,بينيلي,VLC,طقم إصلاح كربراتير,0,0,0,0,3
AR01649,وقود,بينيلي,VLC,بنزين حنفية,0,0,0,0,3
AR01650,وقود,بينيلي,VLC,خرطوم بنزين,0,0,0,0,3
AR01651,وقود,بينيلي,VLC,فلتر بنزين,0,0,0,0,3
AR01652,كهرباء,بينيلي,VLC,بوجيه,0,0,0,0,3
AR01653,كهرباء,بينيلي,VLC,بوبينة,0,0,0,0,3
AR01654,كهرباء,بينيلي,VLC,CDI,0,0,0,0,3
AR01655,كهرباء,بينيلي,VLC,منظم شحن,0,0,0,0,3
AR01656,كهرباء,بينيلي,VLC,مغناطيس,0,0,0,0,3
AR01657,كهرباء,بينيلي,VLC,بطارية,0,0,0,0,3
AR01658,كهرباء,بينيلي,VLC,كتاوت مارش,0,0,0,0,3
AR01659,كهرباء,بينيلي,VLC,كلاكس,0,0,0,0,3
AR01660,كهرباء,بينيلي,VLC,مفتاح كونتاكت,0,0,0,0,3
AR01661,كهرباء,بينيلي,VLC,فيوز,0,0,0,0,3
AR01662,تحكم,بينيلي,VLC,سلك دبرياج,0,0,0,0,3
AR01663,تحكم,بينيلي,VLC,سلك بنزين,0,0,0,0,3
AR01664,تحكم,بينيلي,VLC,سلك فرامل,0,0,0,0,3
AR01665,تحكم,بينيلي,VLC,سلك عداد,0,0,0,0,3
AR01666,فرامل,بينيلي,VLC,تيل فرامل أمامي,0,0,0,0,3
AR01667,فرامل,بينيلي,VLC,تيل فرامل خلفي,0,0,0,0,3
AR01668,فرامل,بينيلي,VLC,سلك فرامل خلفي,0,0,0,0,3
AR01669,فرامل,بينيلي,VLC,طقم إصلاح ماستر أمامي,0,0,0,0,3
AR01670,عفشة,بينيلي,VLC,تيل شوكة أمامي,0,0,0,0,3
AR01671,عفشة,بينيلي,VLC,جلدة شوكة,0,0,0,0,3
AR01672,عفشة,بينيلي,VLC,بلي رقبة,0,0,0,0,3
AR01673,عفشة,بينيلي,VLC,بلي عجلة أمامي,0,0,0,0,3
AR01674,عفشة,بينيلي,VLC,بلي عجلة خلفي,0,0,0,0,3
AR01675,نقل حركة,بينيلي,VLC,ترس أمامي,0,0,0,0,3
AR01676,نقل حركة,بينيلي,VLC,ترس خلفي,0,0,0,0,3
AR01677,نقل حركة,بينيلي,VLC,سلسلة,0,0,0,0,3
AR01678,عفشة,بينيلي,VLC,مساعد خلفي,0,0,0,0,3
AR01679,عفشة,بينيلي,VLC,مقص/حامل خلفي,0,0,0,0,3
AR01680,هيكل,بينيلي,VLC,مراية يمين,0,0,0,0,3
AR01681,هيكل,بينيلي,VLC,مراية شمال,0,0,0,0,3
AR01682,هيكل,بينيلي,VLC,يد فرامل,0,0,0,0,3
AR01683,هيكل,بينيلي,VLC,يد دبرياج,0,0,0,0,3
AR01684,هيكل,بينيلي,VLC,كشاف أمامي,0,0,0,0,3
AR01685,هيكل,بينيلي,VLC,فانوس خلفي,0,0,0,0,3
AR01686,هيكل,بينيلي,VLC,إشارة يمين,0,0,0,0,3
AR01687,هيكل,بينيلي,VLC,إشارة شمال,0,0,0,0,3
AR01688,هيكل,بينيلي,VLC,غطاء تانك,0,0,0,0,3
AR01689,عجلات,بينيلي,VLC,كاوتش أمامي,0,0,0,0,3
AR01690,عجلات,بينيلي,VLC,كاوتش خلفي,0,0,0,0,3
AR01691,عجلات,بينيلي,VLC,تيوب أمامي,0,0,0,0,3
AR01692,عجلات,بينيلي,VLC,تيوب خلفي,0,0,0,0,3
AR01693,عجلات,بينيلي,VLC,جنط أمامي,0,0,0,0,3
AR01694,عجلات,بينيلي,VLC,جنط خلفي,0,0,0,0,3
AR01695,صيانة,بينيلي,VLC,زيت محرك,0,0,0,0,3
AR01696,صيانة,بينيلي,VLC,زيت فتيس,0,0,0,0,3
AR01697,صيانة,بينيلي,VLC,سير دينامو/شحن,0,0,0,0,3
AR01698,إكسسوارات,بينيلي,VLC,كشاف LED,0,0,0,0,3
AR01699,إكسسوارات,بينيلي,VLC,جرس/بوري,0,0,0,0,3
AR01700,إكسسوارات,بينيلي,VLC,حامل موبايل,0,0,0,0,3
AR01701,إكسسوارات,بينيلي,VLC,قفل عجلة,0,0,0,0,3
AR01702,محرك,بينيلي,VLX,بستم,0,0,0,0,3
AR01703,محرك,بينيلي,VLX,طقم بستم,0,0,0,0,3
AR01704,محرك,بينيلي,VLX,شنبر بستم,0,0,0,0,3
AR01705,محرك,بينيلي,VLX,بنز بستم,0,0,0,0,3
AR01706,محرك,بينيلي,VLX,جوان وش سلندر,0,0,0,0,3
AR01707,محرك,بينيلي,VLX,جوان كارتير,0,0,0,0,3
AR01708,محرك,بينيلي,VLX,جوان غطاء بلوف,0,0,0,0,3
AR01709,محرك,بينيلي,VLX,صباب سحب,0,0,0,0,3
AR01710,محرك,بينيلي,VLX,صباب عادم,0,0,0,0,3
AR01711,محرك,بينيلي,VLX,جلدة صباب,0,0,0,0,3
AR01712,محرك,بينيلي,VLX,ياي صباب,0,0,0,0,3
AR01713,محرك,بينيلي,VLX,روكر,0,0,0,0,3
AR01714,محرك,بينيلي,VLX,عمود كامة,0,0,0,0,3
AR01715,محرك,بينيلي,VLX,سلسلة كاتينة,0,0,0,0,3
AR01716,محرك,بينيلي,VLX,شداد كاتينة,0,0,0,0,3
AR01717,محرك,بينيلي,VLX,طقم دبرياج,0,0,0,0,3
AR01718,محرك,بينيلي,VLX,ديسك دبرياج,0,0,0,0,3
AR01719,محرك,بينيلي,VLX,اسطوانة دبرياج,0,0,0,0,3
AR01720,محرك,بينيلي,VLX,ياي دبرياج,0,0,0,0,3
AR01721,محرك,بينيلي,VLX,تروس دبرياج,0,0,0,0,3
AR01722,محرك,بينيلي,VLX,ترس مارش,0,0,0,0,3
AR01723,محرك,بينيلي,VLX,مارش موتور,0,0,0,0,3
AR01724,محرك,بينيلي,VLX,حدافة,0,0,0,0,3
AR01725,محرك,بينيلي,VLX,طلمبة زيت,0,0,0,0,3
AR01726,محرك,بينيلي,VLX,فلتر زيت,0,0,0,0,3
AR01727,محرك,بينيلي,VLX,فلتر هواء,0,0,0,0,3
AR01728,وقود,بينيلي,VLX,كربراتير,0,0,0,0,3
AR01729,وقود,بينيلي,VLX,طقم إصلاح كربراتير,0,0,0,0,3
AR01730,وقود,بينيلي,VLX,بنزين حنفية,0,0,0,0,3
AR01731,وقود,بينيلي,VLX,خرطوم بنزين,0,0,0,0,3
AR01732,وقود,بينيلي,VLX,فلتر بنزين,0,0,0,0,3
AR01733,كهرباء,بينيلي,VLX,بوجيه,0,0,0,0,3
AR01734,كهرباء,بينيلي,VLX,بوبينة,0,0,0,0,3
AR01735,كهرباء,بينيلي,VLX,CDI,0,0,0,0,3
AR01736,كهرباء,بينيلي,VLX,منظم شحن,0,0,0,0,3
AR01737,كهرباء,بينيلي,VLX,مغناطيس,0,0,0,0,3
AR01738,كهرباء,بينيلي,VLX,بطارية,0,0,0,0,3
AR01739,كهرباء,بينيلي,VLX,كتاوت مارش,0,0,0,0,3
AR01740,كهرباء,بينيلي,VLX,كلاكس,0,0,0,0,3
AR01741,كهرباء,بينيلي,VLX,مفتاح كونتاكت,0,0,0,0,3
AR01742,كهرباء,بينيلي,VLX,فيوز,0,0,0,0,3
AR01743,تحكم,بينيلي,VLX,سلك دبرياج,0,0,0,0,3
AR01744,تحكم,بينيلي,VLX,سلك بنزين,0,0,0,0,3
AR01745,تحكم,بينيلي,VLX,سلك فرامل,0,0,0,0,3
AR01746,تحكم,بينيلي,VLX,سلك عداد,0,0,0,0,3
AR01747,فرامل,بينيلي,VLX,تيل فرامل أمامي,0,0,0,0,3
AR01748,فرامل,بينيلي,VLX,تيل فرامل خلفي,0,0,0,0,3
AR01749,فرامل,بينيلي,VLX,سلك فرامل خلفي,0,0,0,0,3
AR01750,فرامل,بينيلي,VLX,طقم إصلاح ماستر أمامي,0,0,0,0,3
AR01751,عفشة,بينيلي,VLX,تيل شوكة أمامي,0,0,0,0,3
AR01752,عفشة,بينيلي,VLX,جلدة شوكة,0,0,0,0,3
AR01753,عفشة,بينيلي,VLX,بلي رقبة,0,0,0,0,3
AR01754,عفشة,بينيلي,VLX,بلي عجلة أمامي,0,0,0,0,3
AR01755,عفشة,بينيلي,VLX,بلي عجلة خلفي,0,0,0,0,3
AR01756,نقل حركة,بينيلي,VLX,ترس أمامي,0,0,0,0,3
AR01757,نقل حركة,بينيلي,VLX,ترس خلفي,0,0,0,0,3
AR01758,نقل حركة,بينيلي,VLX,سلسلة,0,0,0,0,3
AR01759,عفشة,بينيلي,VLX,مساعد خلفي,0,0,0,0,3
AR01760,عفشة,بينيلي,VLX,مقص/حامل خلفي,0,0,0,0,3
AR01761,هيكل,بينيلي,VLX,مراية يمين,0,0,0,0,3
AR01762,هيكل,بينيلي,VLX,مراية شمال,0,0,0,0,3
AR01763,هيكل,بينيلي,VLX,يد فرامل,0,0,0,0,3
AR01764,هيكل,بينيلي,VLX,يد دبرياج,0,0,0,0,3
AR01765,هيكل,بينيلي,VLX,كشاف أمامي,0,0,0,0,3
AR01766,هيكل,بينيلي,VLX,فانوس خلفي,0,0,0,0,3
AR01767,هيكل,بينيلي,VLX,إشارة يمين,0,0,0,0,3
AR01768,هيكل,بينيلي,VLX,إشارة شمال,0,0,0,0,3
AR01769,هيكل,بينيلي,VLX,غطاء تانك,0,0,0,0,3
AR01770,عجلات,بينيلي,VLX,كاوتش أمامي,0,0,0,0,3
AR01771,عجلات,بينيلي,VLX,كاوتش خلفي,0,0,0,0,3
AR01772,عجلات,بينيلي,VLX,تيوب أمامي,0,0,0,0,3
AR01773,عجلات,بينيلي,VLX,تيوب خلفي,0,0,0,0,3
AR01774,عجلات,بينيلي,VLX,جنط أمامي,0,0,0,0,3
AR01775,عجلات,بينيلي,VLX,جنط خلفي,0,0,0,0,3
AR01776,صيانة,بينيلي,VLX,زيت محرك,0,0,0,0,3
AR01777,صيانة,بينيلي,VLX,زيت فتيس,0,0,0,0,3
AR01778,صيانة,بينيلي,VLX,سير دينامو/شحن,0,0,0,0,3
AR01779,إكسسوارات,بينيلي,VLX,كشاف LED,0,0,0,0,3
AR01780,إكسسوارات,بينيلي,VLX,جرس/بوري,0,0,0,0,3
AR01781,إكسسوارات,بينيلي,VLX,حامل موبايل,0,0,0,0,3
AR01782,إكسسوارات,بينيلي,VLX,قفل عجلة,0,0,0,0,3
AR01783,محرك,بينيلي,VLR,بستم,0,0,0,0,3
AR01784,محرك,بينيلي,VLR,طقم بستم,0,0,0,0,3
AR01785,محرك,بينيلي,VLR,شنبر بستم,0,0,0,0,3
AR01786,محرك,بينيلي,VLR,بنز بستم,0,0,0,0,3
AR01787,محرك,بينيلي,VLR,جوان وش سلندر,0,0,0,0,3
AR01788,محرك,بينيلي,VLR,جوان كارتير,0,0,0,0,3
AR01789,محرك,بينيلي,VLR,جوان غطاء بلوف,0,0,0,0,3
AR01790,محرك,بينيلي,VLR,صباب سحب,0,0,0,0,3
AR01791,محرك,بينيلي,VLR,صباب عادم,0,0,0,0,3
AR01792,محرك,بينيلي,VLR,جلدة صباب,0,0,0,0,3
AR01793,محرك,بينيلي,VLR,ياي صباب,0,0,0,0,3
AR01794,محرك,بينيلي,VLR,روكر,0,0,0,0,3
AR01795,محرك,بينيلي,VLR,عمود كامة,0,0,0,0,3
AR01796,محرك,بينيلي,VLR,سلسلة كاتينة,0,0,0,0,3
AR01797,محرك,بينيلي,VLR,شداد كاتينة,0,0,0,0,3
AR01798,محرك,بينيلي,VLR,طقم دبرياج,0,0,0,0,3
AR01799,محرك,بينيلي,VLR,ديسك دبرياج,0,0,0,0,3
AR01800,محرك,بينيلي,VLR,اسطوانة دبرياج,0,0,0,0,3
AR01801,محرك,بينيلي,VLR,ياي دبرياج,0,0,0,0,3
AR01802,محرك,بينيلي,VLR,تروس دبرياج,0,0,0,0,3
AR01803,محرك,بينيلي,VLR,ترس مارش,0,0,0,0,3
AR01804,محرك,بينيلي,VLR,مارش موتور,0,0,0,0,3
AR01805,محرك,بينيلي,VLR,حدافة,0,0,0,0,3
AR01806,محرك,بينيلي,VLR,طلمبة زيت,0,0,0,0,3
AR01807,محرك,بينيلي,VLR,فلتر زيت,0,0,0,0,3
AR01808,محرك,بينيلي,VLR,فلتر هواء,0,0,0,0,3
AR01809,وقود,بينيلي,VLR,كربراتير,0,0,0,0,3
AR01810,وقود,بينيلي,VLR,طقم إصلاح كربراتير,0,0,0,0,3
AR01811,وقود,بينيلي,VLR,بنزين حنفية,0,0,0,0,3
AR01812,وقود,بينيلي,VLR,خرطوم بنزين,0,0,0,0,3
AR01813,وقود,بينيلي,VLR,فلتر بنزين,0,0,0,0,3
AR01814,كهرباء,بينيلي,VLR,بوجيه,0,0,0,0,3
AR01815,كهرباء,بينيلي,VLR,بوبينة,0,0,0,0,3
AR01816,كهرباء,بينيلي,VLR,CDI,0,0,0,0,3
AR01817,كهرباء,بينيلي,VLR,منظم شحن,0,0,0,0,3
AR01818,كهرباء,بينيلي,VLR,مغناطيس,0,0,0,0,3
AR01819,كهرباء,بينيلي,VLR,بطارية,0,0,0,0,3
AR01820,كهرباء,بينيلي,VLR,كتاوت مارش,0,0,0,0,3
AR01821,كهرباء,بينيلي,VLR,كلاكس,0,0,0,0,3
AR01822,كهرباء,بينيلي,VLR,مفتاح كونتاكت,0,0,0,0,3
AR01823,كهرباء,بينيلي,VLR,فيوز,0,0,0,0,3
AR01824,تحكم,بينيلي,VLR,سلك دبرياج,0,0,0,0,3
AR01825,تحكم,بينيلي,VLR,سلك بنزين,0,0,0,0,3
AR01826,تحكم,بينيلي,VLR,سلك فرامل,0,0,0,0,3
AR01827,تحكم,بينيلي,VLR,سلك عداد,0,0,0,0,3
AR01828,فرامل,بينيلي,VLR,تيل فرامل أمامي,0,0,0,0,3
AR01829,فرامل,بينيلي,VLR,تيل فرامل خلفي,0,0,0,0,3
AR01830,فرامل,بينيلي,VLR,سلك فرامل خلفي,0,0,0,0,3
AR01831,فرامل,بينيلي,VLR,طقم إصلاح ماستر أمامي,0,0,0,0,3
AR01832,عفشة,بينيلي,VLR,تيل شوكة أمامي,0,0,0,0,3
AR01833,عفشة,بينيلي,VLR,جلدة شوكة,0,0,0,0,3
AR01834,عفشة,بينيلي,VLR,بلي رقبة,0,0,0,0,3
AR01835,عفشة,بينيلي,VLR,بلي عجلة أمامي,0,0,0,0,3
AR01836,عفشة,بينيلي,VLR,بلي عجلة خلفي,0,0,0,0,3
AR01837,نقل حركة,بينيلي,VLR,ترس أمامي,0,0,0,0,3
AR01838,نقل حركة,بينيلي,VLR,ترس خلفي,0,0,0,0,3
AR01839,نقل حركة,بينيلي,VLR,سلسلة,0,0,0,0,3
AR01840,عفشة,بينيلي,VLR,مساعد خلفي,0,0,0,0,3
AR01841,عفشة,بينيلي,VLR,مقص/حامل خلفي,0,0,0,0,3
AR01842,هيكل,بينيلي,VLR,مراية يمين,0,0,0,0,3
AR01843,هيكل,بينيلي,VLR,مراية شمال,0,0,0,0,3
AR01844,هيكل,بينيلي,VLR,يد فرامل,0,0,0,0,3
AR01845,هيكل,بينيلي,VLR,يد دبرياج,0,0,0,0,3
AR01846,هيكل,بينيلي,VLR,كشاف أمامي,0,0,0,0,3
AR01847,هيكل,بينيلي,VLR,فانوس خلفي,0,0,0,0,3
AR01848,هيكل,بينيلي,VLR,إشارة يمين,0,0,0,0,3
AR01849,هيكل,بينيلي,VLR,إشارة شمال,0,0,0,0,3
AR01850,هيكل,بينيلي,VLR,غطاء تانك,0,0,0,0,3
AR01851,عجلات,بينيلي,VLR,كاوتش أمامي,0,0,0,0,3
AR01852,عجلات,بينيلي,VLR,كاوتش خلفي,0,0,0,0,3
AR01853,عجلات,بينيلي,VLR,تيوب أمامي,0,0,0,0,3
AR01854,عجلات,بينيلي,VLR,تيوب خلفي,0,0,0,0,3
AR01855,عجلات,بينيلي,VLR,جنط أمامي,0,0,0,0,3
AR01856,عجلات,بينيلي,VLR,جنط خلفي,0,0,0,0,3
AR01857,صيانة,بينيلي,VLR,زيت محرك,0,0,0,0,3
AR01858,صيانة,بينيلي,VLR,زيت فتيس,0,0,0,0,3
AR01859,صيانة,بينيلي,VLR,سير دينامو/شحن,0,0,0,0,3
AR01860,إكسسوارات,بينيلي,VLR,كشاف LED,0,0,0,0,3
AR01861,إكسسوارات,بينيلي,VLR,جرس/بوري,0,0,0,0,3
AR01862,إكسسوارات,بينيلي,VLR,حامل موبايل,0,0,0,0,3
AR01863,إكسسوارات,بينيلي,VLR,قفل عجلة,0,0,0,0,3
AR01864,محرك,بينيلي,TNT,بستم,0,0,0,0,3
AR01865,محرك,بينيلي,TNT,طقم بستم,0,0,0,0,3
AR01866,محرك,بينيلي,TNT,شنبر بستم,0,0,0,0,3
AR01867,محرك,بينيلي,TNT,بنز بستم,0,0,0,0,3
AR01868,محرك,بينيلي,TNT,جوان وش سلندر,0,0,0,0,3
AR01869,محرك,بينيلي,TNT,جوان كارتير,0,0,0,0,3
AR01870,محرك,بينيلي,TNT,جوان غطاء بلوف,0,0,0,0,3
AR01871,محرك,بينيلي,TNT,صباب سحب,0,0,0,0,3
AR01872,محرك,بينيلي,TNT,صباب عادم,0,0,0,0,3
AR01873,محرك,بينيلي,TNT,جلدة صباب,0,0,0,0,3
AR01874,محرك,بينيلي,TNT,ياي صباب,0,0,0,0,3
AR01875,محرك,بينيلي,TNT,روكر,0,0,0,0,3
AR01876,محرك,بينيلي,TNT,عمود كامة,0,0,0,0,3
AR01877,محرك,بينيلي,TNT,سلسلة كاتينة,0,0,0,0,3
AR01878,محرك,بينيلي,TNT,شداد كاتينة,0,0,0,0,3
AR01879,محرك,بينيلي,TNT,طقم دبرياج,0,0,0,0,3
AR01880,محرك,بينيلي,TNT,ديسك دبرياج,0,0,0,0,3
AR01881,محرك,بينيلي,TNT,اسطوانة دبرياج,0,0,0,0,3
AR01882,محرك,بينيلي,TNT,ياي دبرياج,0,0,0,0,3
AR01883,محرك,بينيلي,TNT,تروس دبرياج,0,0,0,0,3
AR01884,محرك,بينيلي,TNT,ترس مارش,0,0,0,0,3
AR01885,محرك,بينيلي,TNT,مارش موتور,0,0,0,0,3
AR01886,محرك,بينيلي,TNT,حدافة,0,0,0,0,3
AR01887,محرك,بينيلي,TNT,طلمبة زيت,0,0,0,0,3
AR01888,محرك,بينيلي,TNT,فلتر زيت,0,0,0,0,3
AR01889,محرك,بينيلي,TNT,فلتر هواء,0,0,0,0,3
AR01890,وقود,بينيلي,TNT,كربراتير,0,0,0,0,3
AR01891,وقود,بينيلي,TNT,طقم إصلاح كربراتير,0,0,0,0,3
AR01892,وقود,بينيلي,TNT,بنزين حنفية,0,0,0,0,3
AR01893,وقود,بينيلي,TNT,خرطوم بنزين,0,0,0,0,3
AR01894,وقود,بينيلي,TNT,فلتر بنزين,0,0,0,0,3
AR01895,كهرباء,بينيلي,TNT,بوجيه,0,0,0,0,3
AR01896,كهرباء,بينيلي,TNT,بوبينة,0,0,0,0,3
AR01897,كهرباء,بينيلي,TNT,CDI,0,0,0,0,3
AR01898,كهرباء,بينيلي,TNT,منظم شحن,0,0,0,0,3
AR01899,كهرباء,بينيلي,TNT,مغناطيس,0,0,0,0,3
AR01900,كهرباء,بينيلي,TNT,بطارية,0,0,0,0,3
AR01901,كهرباء,بينيلي,TNT,كتاوت مارش,0,0,0,0,3
AR01902,كهرباء,بينيلي,TNT,كلاكس,0,0,0,0,3
AR01903,كهرباء,بينيلي,TNT,مفتاح كونتاكت,0,0,0,0,3
AR01904,كهرباء,بينيلي,TNT,فيوز,0,0,0,0,3
AR01905,تحكم,بينيلي,TNT,سلك دبرياج,0,0,0,0,3
AR01906,تحكم,بينيلي,TNT,سلك بنزين,0,0,0,0,3
AR01907,تحكم,بينيلي,TNT,سلك فرامل,0,0,0,0,3
AR01908,تحكم,بينيلي,TNT,سلك عداد,0,0,0,0,3
AR01909,فرامل,بينيلي,TNT,تيل فرامل أمامي,0,0,0,0,3
AR01910,فرامل,بينيلي,TNT,تيل فرامل خلفي,0,0,0,0,3
AR01911,فرامل,بينيلي,TNT,سلك فرامل خلفي,0,0,0,0,3
AR01912,فرامل,بينيلي,TNT,طقم إصلاح ماستر أمامي,0,0,0,0,3
AR01913,عفشة,بينيلي,TNT,تيل شوكة أمامي,0,0,0,0,3
AR01914,عفشة,بينيلي,TNT,جلدة شوكة,0,0,0,0,3
AR01915,عفشة,بينيلي,TNT,بلي رقبة,0,0,0,0,3
AR01916,عفشة,بينيلي,TNT,بلي عجلة أمامي,0,0,0,0,3
AR01917,عفشة,بينيلي,TNT,بلي عجلة خلفي,0,0,0,0,3
AR01918,نقل حركة,بينيلي,TNT,ترس أمامي,0,0,0,0,3
AR01919,نقل حركة,بينيلي,TNT,ترس خلفي,0,0,0,0,3
AR01920,نقل حركة,بينيلي,TNT,سلسلة,0,0,0,0,3
AR01921,عفشة,بينيلي,TNT,مساعد خلفي,0,0,0,0,3
AR01922,عفشة,بينيلي,TNT,مقص/حامل خلفي,0,0,0,0,3
AR01923,هيكل,بينيلي,TNT,مراية يمين,0,0,0,0,3
AR01924,هيكل,بينيلي,TNT,مراية شمال,0,0,0,0,3
AR01925,هيكل,بينيلي,TNT,يد فرامل,0,0,0,0,3
AR01926,هيكل,بينيلي,TNT,يد دبرياج,0,0,0,0,3
AR01927,هيكل,بينيلي,TNT,كشاف أمامي,0,0,0,0,3
AR01928,هيكل,بينيلي,TNT,فانوس خلفي,0,0,0,0,3
AR01929,هيكل,بينيلي,TNT,إشارة يمين,0,0,0,0,3
AR01930,هيكل,بينيلي,TNT,إشارة شمال,0,0,0,0,3
AR01931,هيكل,بينيلي,TNT,غطاء تانك,0,0,0,0,3
AR01932,عجلات,بينيلي,TNT,كاوتش أمامي,0,0,0,0,3
AR01933,عجلات,بينيلي,TNT,كاوتش خلفي,0,0,0,0,3
AR01934,عجلات,بينيلي,TNT,تيوب أمامي,0,0,0,0,3
AR01935,عجلات,بينيلي,TNT,تيوب خلفي,0,0,0,0,3
AR01936,عجلات,بينيلي,TNT,جنط أمامي,0,0,0,0,3
AR01937,عجلات,بينيلي,TNT,جنط خلفي,0,0,0,0,3
AR01938,صيانة,بينيلي,TNT,زيت محرك,0,0,0,0,3
AR01939,صيانة,بينيلي,TNT,زيت فتيس,0,0,0,0,3
AR01940,صيانة,بينيلي,TNT,سير دينامو/شحن,0,0,0,0,3
AR01941,إكسسوارات,بينيلي,TNT,كشاف LED,0,0,0,0,3
AR01942,إكسسوارات,بينيلي,TNT,جرس/بوري,0,0,0,0,3
AR01943,إكسسوارات,بينيلي,TNT,حامل موبايل,0,0,0,0,3
AR01944,إكسسوارات,بينيلي,TNT,قفل عجلة,0,0,0,0,3
AR01945,محرك,TVS,HLX 125,بستم,0,0,0,0,3
AR01946,محرك,TVS,HLX 125,طقم بستم,0,0,0,0,3
AR01947,محرك,TVS,HLX 125,شنبر بستم,0,0,0,0,3
AR01948,محرك,TVS,HLX 125,بنز بستم,0,0,0,0,3
AR01949,محرك,TVS,HLX 125,جوان وش سلندر,0,0,0,0,3
AR01950,محرك,TVS,HLX 125,جوان كارتير,0,0,0,0,3
AR01951,محرك,TVS,HLX 125,جوان غطاء بلوف,0,0,0,0,3
AR01952,محرك,TVS,HLX 125,صباب سحب,0,0,0,0,3
AR01953,محرك,TVS,HLX 125,صباب عادم,0,0,0,0,3
AR01954,محرك,TVS,HLX 125,جلدة صباب,0,0,0,0,3
AR01955,محرك,TVS,HLX 125,ياي صباب,0,0,0,0,3
AR01956,محرك,TVS,HLX 125,روكر,0,0,0,0,3
AR01957,محرك,TVS,HLX 125,عمود كامة,0,0,0,0,3
AR01958,محرك,TVS,HLX 125,سلسلة كاتينة,0,0,0,0,3
AR01959,محرك,TVS,HLX 125,شداد كاتينة,0,0,0,0,3
AR01960,محرك,TVS,HLX 125,طقم دبرياج,0,0,0,0,3
AR01961,محرك,TVS,HLX 125,ديسك دبرياج,0,0,0,0,3
AR01962,محرك,TVS,HLX 125,اسطوانة دبرياج,0,0,0,0,3
AR01963,محرك,TVS,HLX 125,ياي دبرياج,0,0,0,0,3
AR01964,محرك,TVS,HLX 125,تروس دبرياج,0,0,0,0,3
AR01965,محرك,TVS,HLX 125,ترس مارش,0,0,0,0,3
AR01966,محرك,TVS,HLX 125,مارش موتور,0,0,0,0,3
AR01967,محرك,TVS,HLX 125,حدافة,0,0,0,0,3
AR01968,محرك,TVS,HLX 125,طلمبة زيت,0,0,0,0,3
AR01969,محرك,TVS,HLX 125,فلتر زيت,0,0,0,0,3
AR01970,محرك,TVS,HLX 125,فلتر هواء,0,0,0,0,3
AR01971,وقود,TVS,HLX 125,كربراتير,0,0,0,0,3
AR01972,وقود,TVS,HLX 125,طقم إصلاح كربراتير,0,0,0,0,3
AR01973,وقود,TVS,HLX 125,بنزين حنفية,0,0,0,0,3
AR01974,وقود,TVS,HLX 125,خرطوم بنزين,0,0,0,0,3
AR01975,وقود,TVS,HLX 125,فلتر بنزين,0,0,0,0,3
AR01976,كهرباء,TVS,HLX 125,بوجيه,0,0,0,0,3
AR01977,كهرباء,TVS,HLX 125,بوبينة,0,0,0,0,3
AR01978,كهرباء,TVS,HLX 125,CDI,0,0,0,0,3
AR01979,كهرباء,TVS,HLX 125,منظم شحن,0,0,0,0,3
AR01980,كهرباء,TVS,HLX 125,مغناطيس,0,0,0,0,3
AR01981,كهرباء,TVS,HLX 125,بطارية,0,0,0,0,3
AR01982,كهرباء,TVS,HLX 125,كتاوت مارش,0,0,0,0,3
AR01983,كهرباء,TVS,HLX 125,كلاكس,0,0,0,0,3
AR01984,كهرباء,TVS,HLX 125,مفتاح كونتاكت,0,0,0,0,3
AR01985,كهرباء,TVS,HLX 125,فيوز,0,0,0,0,3
AR01986,تحكم,TVS,HLX 125,سلك دبرياج,0,0,0,0,3
AR01987,تحكم,TVS,HLX 125,سلك بنزين,0,0,0,0,3
AR01988,تحكم,TVS,HLX 125,سلك فرامل,0,0,0,0,3
AR01989,تحكم,TVS,HLX 125,سلك عداد,0,0,0,0,3
AR01990,فرامل,TVS,HLX 125,تيل فرامل أمامي,0,0,0,0,3
AR01991,فرامل,TVS,HLX 125,تيل فرامل خلفي,0,0,0,0,3
AR01992,فرامل,TVS,HLX 125,سلك فرامل خلفي,0,0,0,0,3
AR01993,فرامل,TVS,HLX 125,طقم إصلاح ماستر أمامي,0,0,0,0,3
AR01994,عفشة,TVS,HLX 125,تيل شوكة أمامي,0,0,0,0,3
AR01995,عفشة,TVS,HLX 125,جلدة شوكة,0,0,0,0,3
AR01996,عفشة,TVS,HLX 125,بلي رقبة,0,0,0,0,3
AR01997,عفشة,TVS,HLX 125,بلي عجلة أمامي,0,0,0,0,3
AR01998,عفشة,TVS,HLX 125,بلي عجلة خلفي,0,0,0,0,3
AR01999,نقل حركة,TVS,HLX 125,ترس أمامي,0,0,0,0,3
AR02000,نقل حركة,TVS,HLX 125,ترس خلفي,0,0,0,0,3
AR02001,نقل حركة,TVS,HLX 125,سلسلة,0,0,0,0,3
AR02002,عفشة,TVS,HLX 125,مساعد خلفي,0,0,0,0,3
AR02003,عفشة,TVS,HLX 125,مقص/حامل خلفي,0,0,0,0,3
AR02004,هيكل,TVS,HLX 125,مراية يمين,0,0,0,0,3
AR02005,هيكل,TVS,HLX 125,مراية شمال,0,0,0,0,3
AR02006,هيكل,TVS,HLX 125,يد فرامل,0,0,0,0,3
AR02007,هيكل,TVS,HLX 125,يد دبرياج,0,0,0,0,3
AR02008,هيكل,TVS,HLX 125,كشاف أمامي,0,0,0,0,3
AR02009,هيكل,TVS,HLX 125,فانوس خلفي,0,0,0,0,3
AR02010,هيكل,TVS,HLX 125,إشارة يمين,0,0,0,0,3
AR02011,هيكل,TVS,HLX 125,إشارة شمال,0,0,0,0,3
AR02012,هيكل,TVS,HLX 125,غطاء تانك,0,0,0,0,3
AR02013,عجلات,TVS,HLX 125,كاوتش أمامي,0,0,0,0,3
AR02014,عجلات,TVS,HLX 125,كاوتش خلفي,0,0,0,0,3
AR02015,عجلات,TVS,HLX 125,تيوب أمامي,0,0,0,0,3
AR02016,عجلات,TVS,HLX 125,تيوب خلفي,0,0,0,0,3
AR02017,عجلات,TVS,HLX 125,جنط أمامي,0,0,0,0,3
AR02018,عجلات,TVS,HLX 125,جنط خلفي,0,0,0,0,3
AR02019,صيانة,TVS,HLX 125,زيت محرك,0,0,0,0,3
AR02020,صيانة,TVS,HLX 125,زيت فتيس,0,0,0,0,3
AR02021,صيانة,TVS,HLX 125,سير دينامو/شحن,0,0,0,0,3
AR02022,إكسسوارات,TVS,HLX 125,كشاف LED,0,0,0,0,3
AR02023,إكسسوارات,TVS,HLX 125,جرس/بوري,0,0,0,0,3
AR02024,إكسسوارات,TVS,HLX 125,حامل موبايل,0,0,0,0,3
AR02025,إكسسوارات,TVS,HLX 125,قفل عجلة,0,0,0,0,3
AR02026,محرك,TVS,Apache 160,بستم,0,0,0,0,3
AR02027,محرك,TVS,Apache 160,طقم بستم,0,0,0,0,3
AR02028,محرك,TVS,Apache 160,شنبر بستم,0,0,0,0,3
AR02029,محرك,TVS,Apache 160,بنز بستم,0,0,0,0,3
AR02030,محرك,TVS,Apache 160,جوان وش سلندر,0,0,0,0,3
AR02031,محرك,TVS,Apache 160,جوان كارتير,0,0,0,0,3
AR02032,محرك,TVS,Apache 160,جوان غطاء بلوف,0,0,0,0,3
AR02033,محرك,TVS,Apache 160,صباب سحب,0,0,0,0,3
AR02034,محرك,TVS,Apache 160,صباب عادم,0,0,0,0,3
AR02035,محرك,TVS,Apache 160,جلدة صباب,0,0,0,0,3
AR02036,محرك,TVS,Apache 160,ياي صباب,0,0,0,0,3
AR02037,محرك,TVS,Apache 160,روكر,0,0,0,0,3
AR02038,محرك,TVS,Apache 160,عمود كامة,0,0,0,0,3
AR02039,محرك,TVS,Apache 160,سلسلة كاتينة,0,0,0,0,3
AR02040,محرك,TVS,Apache 160,شداد كاتينة,0,0,0,0,3
AR02041,محرك,TVS,Apache 160,طقم دبرياج,0,0,0,0,3
AR02042,محرك,TVS,Apache 160,ديسك دبرياج,0,0,0,0,3
AR02043,محرك,TVS,Apache 160,اسطوانة دبرياج,0,0,0,0,3
AR02044,محرك,TVS,Apache 160,ياي دبرياج,0,0,0,0,3
AR02045,محرك,TVS,Apache 160,تروس دبرياج,0,0,0,0,3
AR02046,محرك,TVS,Apache 160,ترس مارش,0,0,0,0,3
AR02047,محرك,TVS,Apache 160,مارش موتور,0,0,0,0,3
AR02048,محرك,TVS,Apache 160,حدافة,0,0,0,0,3
AR02049,محرك,TVS,Apache 160,طلمبة زيت,0,0,0,0,3
AR02050,محرك,TVS,Apache 160,فلتر زيت,0,0,0,0,3
AR02051,محرك,TVS,Apache 160,فلتر هواء,0,0,0,0,3
AR02052,وقود,TVS,Apache 160,كربراتير,0,0,0,0,3
AR02053,وقود,TVS,Apache 160,طقم إصلاح كربراتير,0,0,0,0,3
AR02054,وقود,TVS,Apache 160,بنزين حنفية,0,0,0,0,3
AR02055,وقود,TVS,Apache 160,خرطوم بنزين,0,0,0,0,3
AR02056,وقود,TVS,Apache 160,فلتر بنزين,0,0,0,0,3
AR02057,كهرباء,TVS,Apache 160,بوجيه,0,0,0,0,3
AR02058,كهرباء,TVS,Apache 160,بوبينة,0,0,0,0,3
AR02059,كهرباء,TVS,Apache 160,CDI,0,0,0,0,3
AR02060,كهرباء,TVS,Apache 160,منظم شحن,0,0,0,0,3
AR02061,كهرباء,TVS,Apache 160,مغناطيس,0,0,0,0,3
AR02062,كهرباء,TVS,Apache 160,بطارية,0,0,0,0,3
AR02063,كهرباء,TVS,Apache 160,كتاوت مارش,0,0,0,0,3
AR02064,كهرباء,TVS,Apache 160,كلاكس,0,0,0,0,3
AR02065,كهرباء,TVS,Apache 160,مفتاح كونتاكت,0,0,0,0,3
AR02066,كهرباء,TVS,Apache 160,فيوز,0,0,0,0,3
AR02067,تحكم,TVS,Apache 160,سلك دبرياج,0,0,0,0,3
AR02068,تحكم,TVS,Apache 160,سلك بنزين,0,0,0,0,3
AR02069,تحكم,TVS,Apache 160,سلك فرامل,0,0,0,0,3
AR02070,تحكم,TVS,Apache 160,سلك عداد,0,0,0,0,3
AR02071,فرامل,TVS,Apache 160,تيل فرامل أمامي,0,0,0,0,3
AR02072,فرامل,TVS,Apache 160,تيل فرامل خلفي,0,0,0,0,3
AR02073,فرامل,TVS,Apache 160,سلك فرامل خلفي,0,0,0,0,3
AR02074,فرامل,TVS,Apache 160,طقم إصلاح ماستر أمامي,0,0,0,0,3
AR02075,عفشة,TVS,Apache 160,تيل شوكة أمامي,0,0,0,0,3
AR02076,عفشة,TVS,Apache 160,جلدة شوكة,0,0,0,0,3
AR02077,عفشة,TVS,Apache 160,بلي رقبة,0,0,0,0,3
AR02078,عفشة,TVS,Apache 160,بلي عجلة أمامي,0,0,0,0,3
AR02079,عفشة,TVS,Apache 160,بلي عجلة خلفي,0,0,0,0,3
AR02080,نقل حركة,TVS,Apache 160,ترس أمامي,0,0,0,0,3
AR02081,نقل حركة,TVS,Apache 160,ترس خلفي,0,0,0,0,3
AR02082,نقل حركة,TVS,Apache 160,سلسلة,0,0,0,0,3
AR02083,عفشة,TVS,Apache 160,مساعد خلفي,0,0,0,0,3
AR02084,عفشة,TVS,Apache 160,مقص/حامل خلفي,0,0,0,0,3
AR02085,هيكل,TVS,Apache 160,مراية يمين,0,0,0,0,3
AR02086,هيكل,TVS,Apache 160,مراية شمال,0,0,0,0,3
AR02087,هيكل,TVS,Apache 160,يد فرامل,0,0,0,0,3
AR02088,هيكل,TVS,Apache 160,يد دبرياج,0,0,0,0,3
AR02089,هيكل,TVS,Apache 160,كشاف أمامي,0,0,0,0,3
AR02090,هيكل,TVS,Apache 160,فانوس خلفي,0,0,0,0,3
AR02091,هيكل,TVS,Apache 160,إشارة يمين,0,0,0,0,3
AR02092,هيكل,TVS,Apache 160,إشارة شمال,0,0,0,0,3
AR02093,هيكل,TVS,Apache 160,غطاء تانك,0,0,0,0,3
AR02094,عجلات,TVS,Apache 160,كاوتش أمامي,0,0,0,0,3
AR02095,عجلات,TVS,Apache 160,كاوتش خلفي,0,0,0,0,3
AR02096,عجلات,TVS,Apache 160,تيوب أمامي,0,0,0,0,3
AR02097,عجلات,TVS,Apache 160,تيوب خلفي,0,0,0,0,3
AR02098,عجلات,TVS,Apache 160,جنط أمامي,0,0,0,0,3
AR02099,عجلات,TVS,Apache 160,جنط خلفي,0,0,0,0,3
AR02100,صيانة,TVS,Apache 160,زيت محرك,0,0,0,0,3
AR02101,صيانة,TVS,Apache 160,زيت فتيس,0,0,0,0,3
AR02102,صيانة,TVS,Apache 160,سير دينامو/شحن,0,0,0,0,3
AR02103,إكسسوارات,TVS,Apache 160,كشاف LED,0,0,0,0,3
AR02104,إكسسوارات,TVS,Apache 160,جرس/بوري,0,0,0,0,3
AR02105,إكسسوارات,TVS,Apache 160,حامل موبايل,0,0,0,0,3
AR02106,إكسسوارات,TVS,Apache 160,قفل عجلة,0,0,0,0,3
AR02107,محرك,هوندا,RS,بستم,0,0,0,0,3
AR02108,محرك,هوندا,RS,طقم بستم,0,0,0,0,3
AR02109,محرك,هوندا,RS,شنبر بستم,0,0,0,0,3
AR02110,محرك,هوندا,RS,بنز بستم,0,0,0,0,3
AR02111,محرك,هوندا,RS,جوان وش سلندر,0,0,0,0,3
AR02112,محرك,هوندا,RS,جوان كارتير,0,0,0,0,3
AR02113,محرك,هوندا,RS,جوان غطاء بلوف,0,0,0,0,3
AR02114,محرك,هوندا,RS,صباب سحب,0,0,0,0,3
AR02115,محرك,هوندا,RS,صباب عادم,0,0,0,0,3
AR02116,محرك,هوندا,RS,جلدة صباب,0,0,0,0,3
AR02117,محرك,هوندا,RS,ياي صباب,0,0,0,0,3
AR02118,محرك,هوندا,RS,روكر,0,0,0,0,3
AR02119,محرك,هوندا,RS,عمود كامة,0,0,0,0,3
AR02120,محرك,هوندا,RS,سلسلة كاتينة,0,0,0,0,3
AR02121,محرك,هوندا,RS,شداد كاتينة,0,0,0,0,3
AR02122,محرك,هوندا,RS,طقم دبرياج,0,0,0,0,3
AR02123,محرك,هوندا,RS,ديسك دبرياج,0,0,0,0,3
AR02124,محرك,هوندا,RS,اسطوانة دبرياج,0,0,0,0,3
AR02125,محرك,هوندا,RS,ياي دبرياج,0,0,0,0,3
AR02126,محرك,هوندا,RS,تروس دبرياج,0,0,0,0,3
AR02127,محرك,هوندا,RS,ترس مارش,0,0,0,0,3
AR02128,محرك,هوندا,RS,مارش موتور,0,0,0,0,3
AR02129,محرك,هوندا,RS,حدافة,0,0,0,0,3
AR02130,محرك,هوندا,RS,طلمبة زيت,0,0,0,0,3
AR02131,محرك,هوندا,RS,فلتر زيت,0,0,0,0,3
AR02132,محرك,هوندا,RS,فلتر هواء,0,0,0,0,3
AR02133,وقود,هوندا,RS,كربراتير,0,0,0,0,3
AR02134,وقود,هوندا,RS,طقم إصلاح كربراتير,0,0,0,0,3
AR02135,وقود,هوندا,RS,بنزين حنفية,0,0,0,0,3
AR02136,وقود,هوندا,RS,خرطوم بنزين,0,0,0,0,3
AR02137,وقود,هوندا,RS,فلتر بنزين,0,0,0,0,3
AR02138,كهرباء,هوندا,RS,بوجيه,0,0,0,0,3
AR02139,كهرباء,هوندا,RS,بوبينة,0,0,0,0,3
AR02140,كهرباء,هوندا,RS,CDI,0,0,0,0,3
AR02141,كهرباء,هوندا,RS,منظم شحن,0,0,0,0,3
AR02142,كهرباء,هوندا,RS,مغناطيس,0,0,0,0,3
AR02143,كهرباء,هوندا,RS,بطارية,0,0,0,0,3
AR02144,كهرباء,هوندا,RS,كتاوت مارش,0,0,0,0,3
AR02145,كهرباء,هوندا,RS,كلاكس,0,0,0,0,3
AR02146,كهرباء,هوندا,RS,مفتاح كونتاكت,0,0,0,0,3
AR02147,كهرباء,هوندا,RS,فيوز,0,0,0,0,3
AR02148,تحكم,هوندا,RS,سلك دبرياج,0,0,0,0,3
AR02149,تحكم,هوندا,RS,سلك بنزين,0,0,0,0,3
AR02150,تحكم,هوندا,RS,سلك فرامل,0,0,0,0,3
AR02151,تحكم,هوندا,RS,سلك عداد,0,0,0,0,3
AR02152,فرامل,هوندا,RS,تيل فرامل أمامي,0,0,0,0,3
AR02153,فرامل,هوندا,RS,تيل فرامل خلفي,0,0,0,0,3
AR02154,فرامل,هوندا,RS,سلك فرامل خلفي,0,0,0,0,3
AR02155,فرامل,هوندا,RS,طقم إصلاح ماستر أمامي,0,0,0,0,3
AR02156,عفشة,هوندا,RS,تيل شوكة أمامي,0,0,0,0,3
AR02157,عفشة,هوندا,RS,جلدة شوكة,0,0,0,0,3
AR02158,عفشة,هوندا,RS,بلي رقبة,0,0,0,0,3
AR02159,عفشة,هوندا,RS,بلي عجلة أمامي,0,0,0,0,3
AR02160,عفشة,هوندا,RS,بلي عجلة خلفي,0,0,0,0,3
AR02161,نقل حركة,هوندا,RS,ترس أمامي,0,0,0,0,3
AR02162,نقل حركة,هوندا,RS,ترس خلفي,0,0,0,0,3
AR02163,نقل حركة,هوندا,RS,سلسلة,0,0,0,0,3
AR02164,عفشة,هوندا,RS,مساعد خلفي,0,0,0,0,3
AR02165,عفشة,هوندا,RS,مقص/حامل خلفي,0,0,0,0,3
AR02166,هيكل,هوندا,RS,مراية يمين,0,0,0,0,3
AR02167,هيكل,هوندا,RS,مراية شمال,0,0,0,0,3
AR02168,هيكل,هوندا,RS,يد فرامل,0,0,0,0,3
AR02169,هيكل,هوندا,RS,يد دبرياج,0,0,0,0,3
AR02170,هيكل,هوندا,RS,كشاف أمامي,0,0,0,0,3
AR02171,هيكل,هوندا,RS,فانوس خلفي,0,0,0,0,3
AR02172,هيكل,هوندا,RS,إشارة يمين,0,0,0,0,3
AR02173,هيكل,هوندا,RS,إشارة شمال,0,0,0,0,3
AR02174,هيكل,هوندا,RS,غطاء تانك,0,0,0,0,3
AR02175,عجلات,هوندا,RS,كاوتش أمامي,0,0,0,0,3
AR02176,عجلات,هوندا,RS,كاوتش خلفي,0,0,0,0,3
AR02177,عجلات,هوندا,RS,تيوب أمامي,0,0,0,0,3
AR02178,عجلات,هوندا,RS,تيوب خلفي,0,0,0,0,3
AR02179,عجلات,هوندا,RS,جنط أمامي,0,0,0,0,3
AR02180,عجلات,هوندا,RS,جنط خلفي,0,0,0,0,3
AR02181,صيانة,هوندا,RS,زيت محرك,0,0,0,0,3
AR02182,صيانة,هوندا,RS,زيت فتيس,0,0,0,0,3
AR02183,صيانة,هوندا,RS,سير دينامو/شحن,0,0,0,0,3
AR02184,إكسسوارات,هوندا,RS,كشاف LED,0,0,0,0,3
AR02185,إكسسوارات,هوندا,RS,جرس/بوري,0,0,0,0,3
AR02186,إكسسوارات,هوندا,RS,حامل موبايل,0,0,0,0,3
AR02187,إكسسوارات,هوندا,RS,قفل عجلة,0,0,0,0,3
AR02188,محرك,هوندا,RV,بستم,0,0,0,0,3
AR02189,محرك,هوندا,RV,طقم بستم,0,0,0,0,3
AR02190,محرك,هوندا,RV,شنبر بستم,0,0,0,0,3
AR02191,محرك,هوندا,RV,بنز بستم,0,0,0,0,3
AR02192,محرك,هوندا,RV,جوان وش سلندر,0,0,0,0,3
AR02193,محرك,هوندا,RV,جوان كارتير,0,0,0,0,3
AR02194,محرك,هوندا,RV,جوان غطاء بلوف,0,0,0,0,3
AR02195,محرك,هوندا,RV,صباب سحب,0,0,0,0,3
AR02196,محرك,هوندا,RV,صباب عادم,0,0,0,0,3
AR02197,محرك,هوندا,RV,جلدة صباب,0,0,0,0,3
AR02198,محرك,هوندا,RV,ياي صباب,0,0,0,0,3
AR02199,محرك,هوندا,RV,روكر,0,0,0,0,3
AR02200,محرك,هوندا,RV,عمود كامة,0,0,0,0,3
AR02201,محرك,هوندا,RV,سلسلة كاتينة,0,0,0,0,3
AR02202,محرك,هوندا,RV,شداد كاتينة,0,0,0,0,3
AR02203,محرك,هوندا,RV,طقم دبرياج,0,0,0,0,3
AR02204,محرك,هوندا,RV,ديسك دبرياج,0,0,0,0,3
AR02205,محرك,هوندا,RV,اسطوانة دبرياج,0,0,0,0,3
AR02206,محرك,هوندا,RV,ياي دبرياج,0,0,0,0,3
AR02207,محرك,هوندا,RV,تروس دبرياج,0,0,0,0,3
AR02208,محرك,هوندا,RV,ترس مارش,0,0,0,0,3
AR02209,محرك,هوندا,RV,مارش موتور,0,0,0,0,3
AR02210,محرك,هوندا,RV,حدافة,0,0,0,0,3
AR02211,محرك,هوندا,RV,طلمبة زيت,0,0,0,0,3
AR02212,محرك,هوندا,RV,فلتر زيت,0,0,0,0,3
AR02213,محرك,هوندا,RV,فلتر هواء,0,0,0,0,3
AR02214,وقود,هوندا,RV,كربراتير,0,0,0,0,3
AR02215,وقود,هوندا,RV,طقم إصلاح كربراتير,0,0,0,0,3
AR02216,وقود,هوندا,RV,بنزين حنفية,0,0,0,0,3
AR02217,وقود,هوندا,RV,خرطوم بنزين,0,0,0,0,3
AR02218,وقود,هوندا,RV,فلتر بنزين,0,0,0,0,3
AR02219,كهرباء,هوندا,RV,بوجيه,0,0,0,0,3
AR02220,كهرباء,هوندا,RV,بوبينة,0,0,0,0,3
AR02221,كهرباء,هوندا,RV,CDI,0,0,0,0,3
AR02222,كهرباء,هوندا,RV,منظم شحن,0,0,0,0,3
AR02223,كهرباء,هوندا,RV,مغناطيس,0,0,0,0,3
AR02224,كهرباء,هوندا,RV,بطارية,0,0,0,0,3
AR02225,كهرباء,هوندا,RV,كتاوت مارش,0,0,0,0,3
AR02226,كهرباء,هوندا,RV,كلاكس,0,0,0,0,3
AR02227,كهرباء,هوندا,RV,مفتاح كونتاكت,0,0,0,0,3
AR02228,كهرباء,هوندا,RV,فيوز,0,0,0,0,3
AR02229,تحكم,هوندا,RV,سلك دبرياج,0,0,0,0,3
AR02230,تحكم,هوندا,RV,سلك بنزين,0,0,0,0,3
AR02231,تحكم,هوندا,RV,سلك فرامل,0,0,0,0,3
AR02232,تحكم,هوندا,RV,سلك عداد,0,0,0,0,3
AR02233,فرامل,هوندا,RV,تيل فرامل أمامي,0,0,0,0,3
AR02234,فرامل,هوندا,RV,تيل فرامل خلفي,0,0,0,0,3
AR02235,فرامل,هوندا,RV,سلك فرامل خلفي,0,0,0,0,3
AR02236,فرامل,هوندا,RV,طقم إصلاح ماستر أمامي,0,0,0,0,3
AR02237,عفشة,هوندا,RV,تيل شوكة أمامي,0,0,0,0,3
AR02238,عفشة,هوندا,RV,جلدة شوكة,0,0,0,0,3
AR02239,عفشة,هوندا,RV,بلي رقبة,0,0,0,0,3
AR02240,عفشة,هوندا,RV,بلي عجلة أمامي,0,0,0,0,3
AR02241,عفشة,هوندا,RV,بلي عجلة خلفي,0,0,0,0,3
AR02242,نقل حركة,هوندا,RV,ترس أمامي,0,0,0,0,3
AR02243,نقل حركة,هوندا,RV,ترس خلفي,0,0,0,0,3
AR02244,نقل حركة,هوندا,RV,سلسلة,0,0,0,0,3
AR02245,عفشة,هوندا,RV,مساعد خلفي,0,0,0,0,3
AR02246,عفشة,هوندا,RV,مقص/حامل خلفي,0,0,0,0,3
AR02247,هيكل,هوندا,RV,مراية يمين,0,0,0,0,3
AR02248,هيكل,هوندا,RV,مراية شمال,0,0,0,0,3
AR02249,هيكل,هوندا,RV,يد فرامل,0,0,0,0,3
AR02250,هيكل,هوندا,RV,يد دبرياج,0,0,0,0,3
AR02251,هيكل,هوندا,RV,كشاف أمامي,0,0,0,0,3
AR02252,هيكل,هوندا,RV,فانوس خلفي,0,0,0,0,3
AR02253,هيكل,هوندا,RV,إشارة يمين,0,0,0,0,3
AR02254,هيكل,هوندا,RV,إشارة شمال,0,0,0,0,3
AR02255,هيكل,هوندا,RV,غطاء تانك,0,0,0,0,3
AR02256,عجلات,هوندا,RV,كاوتش أمامي,0,0,0,0,3
AR02257,عجلات,هوندا,RV,كاوتش خلفي,0,0,0,0,3
AR02258,عجلات,هوندا,RV,تيوب أمامي,0,0,0,0,3
AR02259,عجلات,هوندا,RV,تيوب خلفي,0,0,0,0,3
AR02260,عجلات,هوندا,RV,جنط أمامي,0,0,0,0,3
AR02261,عجلات,هوندا,RV,جنط خلفي,0,0,0,0,3
AR02262,صيانة,هوندا,RV,زيت محرك,0,0,0,0,3
AR02263,صيانة,هوندا,RV,زيت فتيس,0,0,0,0,3
AR02264,صيانة,هوندا,RV,سير دينامو/شحن,0,0,0,0,3
AR02265,إكسسوارات,هوندا,RV,كشاف LED,0,0,0,0,3
AR02266,إكسسوارات,هوندا,RV,جرس/بوري,0,0,0,0,3
AR02267,إكسسوارات,هوندا,RV,حامل موبايل,0,0,0,0,3
AR02268,إكسسوارات,هوندا,RV,قفل عجلة,0,0,0,0,3
AR02269,محرك,باجاج,RE توك توك,بستم,0,0,0,0,3
AR02270,محرك,باجاج,RE توك توك,طقم بستم,0,0,0,0,3
AR02271,محرك,باجاج,RE توك توك,شنبر بستم,0,0,0,0,3
AR02272,محرك,باجاج,RE توك توك,بنز بستم,0,0,0,0,3
AR02273,محرك,باجاج,RE توك توك,جوان وش سلندر,0,0,0,0,3
AR02274,محرك,باجاج,RE توك توك,جوان كارتير,0,0,0,0,3
AR02275,محرك,باجاج,RE توك توك,جوان غطاء بلوف,0,0,0,0,3
AR02276,محرك,باجاج,RE توك توك,صباب سحب,0,0,0,0,3
AR02277,محرك,باجاج,RE توك توك,صباب عادم,0,0,0,0,3
AR02278,محرك,باجاج,RE توك توك,جلدة صباب,0,0,0,0,3
AR02279,محرك,باجاج,RE توك توك,ياي صباب,0,0,0,0,3
AR02280,محرك,باجاج,RE توك توك,روكر,0,0,0,0,3
AR02281,محرك,باجاج,RE توك توك,عمود كامة,0,0,0,0,3
AR02282,محرك,باجاج,RE توك توك,سلسلة كاتينة,0,0,0,0,3
AR02283,محرك,باجاج,RE توك توك,شداد كاتينة,0,0,0,0,3
AR02284,محرك,باجاج,RE توك توك,طقم دبرياج,0,0,0,0,3
AR02285,محرك,باجاج,RE توك توك,ديسك دبرياج,0,0,0,0,3
AR02286,محرك,باجاج,RE توك توك,اسطوانة دبرياج,0,0,0,0,3
AR02287,محرك,باجاج,RE توك توك,ياي دبرياج,0,0,0,0,3
AR02288,محرك,باجاج,RE توك توك,تروس دبرياج,0,0,0,0,3
AR02289,محرك,باجاج,RE توك توك,ترس مارش,0,0,0,0,3
AR02290,محرك,باجاج,RE توك توك,مارش موتور,0,0,0,0,3
AR02291,محرك,باجاج,RE توك توك,حدافة,0,0,0,0,3
AR02292,محرك,باجاج,RE توك توك,طلمبة زيت,0,0,0,0,3
AR02293,محرك,باجاج,RE توك توك,فلتر زيت,0,0,0,0,3
AR02294,محرك,باجاج,RE توك توك,فلتر هواء,0,0,0,0,3
AR02295,وقود,باجاج,RE توك توك,كربراتير,0,0,0,0,3
AR02296,وقود,باجاج,RE توك توك,طقم إصلاح كربراتير,0,0,0,0,3
AR02297,وقود,باجاج,RE توك توك,بنزين حنفية,0,0,0,0,3
AR02298,وقود,باجاج,RE توك توك,خرطوم بنزين,0,0,0,0,3
AR02299,وقود,باجاج,RE توك توك,فلتر بنزين,0,0,0,0,3
AR02300,كهرباء,باجاج,RE توك توك,بوجيه,0,0,0,0,3
AR02301,كهرباء,باجاج,RE توك توك,بوبينة,0,0,0,0,3
AR02302,كهرباء,باجاج,RE توك توك,CDI,0,0,0,0,3
AR02303,كهرباء,باجاج,RE توك توك,منظم شحن,0,0,0,0,3
AR02304,كهرباء,باجاج,RE توك توك,مغناطيس,0,0,0,0,3
AR02305,كهرباء,باجاج,RE توك توك,بطارية,0,0,0,0,3
AR02306,كهرباء,باجاج,RE توك توك,كتاوت مارش,0,0,0,0,3
AR02307,كهرباء,باجاج,RE توك توك,كلاكس,0,0,0,0,3
AR02308,كهرباء,باجاج,RE توك توك,مفتاح كونتاكت,0,0,0,0,3
AR02309,كهرباء,باجاج,RE توك توك,فيوز,0,0,0,0,3
AR02310,تحكم,باجاج,RE توك توك,سلك دبرياج,0,0,0,0,3
AR02311,تحكم,باجاج,RE توك توك,سلك بنزين,0,0,0,0,3
AR02312,تحكم,باجاج,RE توك توك,سلك فرامل,0,0,0,0,3
AR02313,فرامل,باجاج,RE توك توك,تيل فرامل أمامي,0,0,0,0,3
AR02314,فرامل,باجاج,RE توك توك,تيل فرامل خلفي,0,0,0,0,3
AR02315,فرامل,باجاج,RE توك توك,سلك فرامل خلفي,0,0,0,0,3
AR02316,فرامل,باجاج,RE توك توك,طقم إصلاح ماستر أمامي,0,0,0,0,3
AR02317,عفشة,باجاج,RE توك توك,بلي عجلة أمامي,0,0,0,0,3
AR02318,عفشة,باجاج,RE توك توك,بلي عجلة خلفي,0,0,0,0,3
AR02319,نقل حركة,باجاج,RE توك توك,ترس أمامي,0,0,0,0,3
AR02320,نقل حركة,باجاج,RE توك توك,ترس خلفي,0,0,0,0,3
AR02321,نقل حركة,باجاج,RE توك توك,سلسلة,0,0,0,0,3
AR02322,هيكل,باجاج,RE توك توك,مراية يمين,0,0,0,0,3
AR02323,هيكل,باجاج,RE توك توك,مراية شمال,0,0,0,0,3
AR02324,هيكل,باجاج,RE توك توك,يد فرامل,0,0,0,0,3
AR02325,هيكل,باجاج,RE توك توك,يد دبرياج,0,0,0,0,3
AR02326,هيكل,باجاج,RE توك توك,كشاف أمامي,0,0,0,0,3
AR02327,هيكل,باجاج,RE توك توك,فانوس خلفي,0,0,0,0,3
AR02328,هيكل,باجاج,RE توك توك,إشارة يمين,0,0,0,0,3
AR02329,هيكل,باجاج,RE توك توك,إشارة شمال,0,0,0,0,3
AR02330,هيكل,باجاج,RE توك توك,غطاء تانك,0,0,0,0,3
AR02331,صيانة,باجاج,RE توك توك,زيت محرك,0,0,0,0,3
AR02332,صيانة,باجاج,RE توك توك,زيت فتيس,0,0,0,0,3
AR02333,صيانة,باجاج,RE توك توك,سير دينامو/شحن,0,0,0,0,3
AR02334,إكسسوارات,باجاج,RE توك توك,كشاف LED,0,0,0,0,3
AR02335,إكسسوارات,باجاج,RE توك توك,جرس/بوري,0,0,0,0,3
AR02336,إكسسوارات,باجاج,RE توك توك,حامل موبايل,0,0,0,0,3
AR02337,إكسسوارات,باجاج,RE توك توك,قفل عجلة,0,0,0,0,3
AR02338,محرك,TVS,King توك توك,بستم,0,0,0,0,3
AR02339,محرك,TVS,King توك توك,طقم بستم,0,0,0,0,3
AR02340,محرك,TVS,King توك توك,شنبر بستم,0,0,0,0,3
AR02341,محرك,TVS,King توك توك,بنز بستم,0,0,0,0,3
AR02342,محرك,TVS,King توك توك,جوان وش سلندر,0,0,0,0,3
AR02343,محرك,TVS,King توك توك,جوان كارتير,0,0,0,0,3
AR02344,محرك,TVS,King توك توك,جوان غطاء بلوف,0,0,0,0,3
AR02345,محرك,TVS,King توك توك,صباب سحب,0,0,0,0,3
AR02346,محرك,TVS,King توك توك,صباب عادم,0,0,0,0,3
AR02347,محرك,TVS,King توك توك,جلدة صباب,0,0,0,0,3
AR02348,محرك,TVS,King توك توك,ياي صباب,0,0,0,0,3
AR02349,محرك,TVS,King توك توك,روكر,0,0,0,0,3
AR02350,محرك,TVS,King توك توك,عمود كامة,0,0,0,0,3
AR02351,محرك,TVS,King توك توك,سلسلة كاتينة,0,0,0,0,3
AR02352,محرك,TVS,King توك توك,شداد كاتينة,0,0,0,0,3
AR02353,محرك,TVS,King توك توك,طقم دبرياج,0,0,0,0,3
AR02354,محرك,TVS,King توك توك,ديسك دبرياج,0,0,0,0,3
AR02355,محرك,TVS,King توك توك,اسطوانة دبرياج,0,0,0,0,3
AR02356,محرك,TVS,King توك توك,ياي دبرياج,0,0,0,0,3
AR02357,محرك,TVS,King توك توك,تروس دبرياج,0,0,0,0,3
AR02358,محرك,TVS,King توك توك,ترس مارش,0,0,0,0,3
AR02359,محرك,TVS,King توك توك,مارش موتور,0,0,0,0,3
AR02360,محرك,TVS,King توك توك,حدافة,0,0,0,0,3
AR02361,محرك,TVS,King توك توك,طلمبة زيت,0,0,0,0,3
AR02362,محرك,TVS,King توك توك,فلتر زيت,0,0,0,0,3
AR02363,محرك,TVS,King توك توك,فلتر هواء,0,0,0,0,3
AR02364,وقود,TVS,King توك توك,كربراتير,0,0,0,0,3
AR02365,وقود,TVS,King توك توك,طقم إصلاح كربراتير,0,0,0,0,3
AR02366,وقود,TVS,King توك توك,بنزين حنفية,0,0,0,0,3
AR02367,وقود,TVS,King توك توك,خرطوم بنزين,0,0,0,0,3
AR02368,وقود,TVS,King توك توك,فلتر بنزين,0,0,0,0,3
AR02369,كهرباء,TVS,King توك توك,بوجيه,0,0,0,0,3
AR02370,كهرباء,TVS,King توك توك,بوبينة,0,0,0,0,3
AR02371,كهرباء,TVS,King توك توك,CDI,0,0,0,0,3
AR02372,كهرباء,TVS,King توك توك,منظم شحن,0,0,0,0,3
AR02373,كهرباء,TVS,King توك توك,مغناطيس,0,0,0,0,3
AR02374,كهرباء,TVS,King توك توك,بطارية,0,0,0,0,3
AR02375,كهرباء,TVS,King توك توك,كتاوت مارش,0,0,0,0,3
AR02376,كهرباء,TVS,King توك توك,كلاكس,0,0,0,0,3
AR02377,كهرباء,TVS,King توك توك,مفتاح كونتاكت,0,0,0,0,3
AR02378,كهرباء,TVS,King توك توك,فيوز,0,0,0,0,3
AR02379,تحكم,TVS,King توك توك,سلك دبرياج,0,0,0,0,3
AR02380,تحكم,TVS,King توك توك,سلك بنزين,0,0,0,0,3
AR02381,تحكم,TVS,King توك توك,سلك فرامل,0,0,0,0,3
AR02382,فرامل,TVS,King توك توك,تيل فرامل أمامي,0,0,0,0,3
AR02383,فرامل,TVS,King توك توك,تيل فرامل خلفي,0,0,0,0,3
AR02384,فرامل,TVS,King توك توك,سلك فرامل خلفي,0,0,0,0,3
AR02385,فرامل,TVS,King توك توك,طقم إصلاح ماستر أمامي,0,0,0,0,3
AR02386,عفشة,TVS,King توك توك,بلي عجلة أمامي,0,0,0,0,3
AR02387,عفشة,TVS,King توك توك,بلي عجلة خلفي,0,0,0,0,3
AR02388,نقل حركة,TVS,King توك توك,ترس أمامي,0,0,0,0,3
AR02389,نقل حركة,TVS,King توك توك,ترس خلفي,0,0,0,0,3
AR02390,نقل حركة,TVS,King توك توك,سلسلة,0,0,0,0,3
AR02391,هيكل,TVS,King توك توك,مراية يمين,0,0,0,0,3
AR02392,هيكل,TVS,King توك توك,مراية شمال,0,0,0,0,3
AR02393,هيكل,TVS,King توك توك,يد فرامل,0,0,0,0,3
AR02394,هيكل,TVS,King توك توك,يد دبرياج,0,0,0,0,3
AR02395,هيكل,TVS,King توك توك,كشاف أمامي,0,0,0,0,3
AR02396,هيكل,TVS,King توك توك,فانوس خلفي,0,0,0,0,3
AR02397,هيكل,TVS,King توك توك,إشارة يمين,0,0,0,0,3
AR02398,هيكل,TVS,King توك توك,إشارة شمال,0,0,0,0,3
AR02399,هيكل,TVS,King توك توك,غطاء تانك,0,0,0,0,3
AR02400,صيانة,TVS,King توك توك,زيت محرك,0,0,0,0,3
AR02401,صيانة,TVS,King توك توك,زيت فتيس,0,0,0,0,3
AR02402,صيانة,TVS,King توك توك,سير دينامو/شحن,0,0,0,0,3
AR02403,إكسسوارات,TVS,King توك توك,كشاف LED,0,0,0,0,3
AR02404,إكسسوارات,TVS,King توك توك,جرس/بوري,0,0,0,0,3
AR02405,إكسسوارات,TVS,King توك توك,حامل موبايل,0,0,0,0,3
AR02406,إكسسوارات,TVS,King توك توك,قفل عجلة,0,0,0,0,3
AR02407,محرك,دايون,توك توك,بستم,0,0,0,0,3
AR02408,محرك,دايون,توك توك,طقم بستم,0,0,0,0,3
AR02409,محرك,دايون,توك توك,شنبر بستم,0,0,0,0,3
AR02410,محرك,دايون,توك توك,بنز بستم,0,0,0,0,3
AR02411,محرك,دايون,توك توك,جوان وش سلندر,0,0,0,0,3
AR02412,محرك,دايون,توك توك,جوان كارتير,0,0,0,0,3
AR02413,محرك,دايون,توك توك,جوان غطاء بلوف,0,0,0,0,3
AR02414,محرك,دايون,توك توك,صباب سحب,0,0,0,0,3
AR02415,محرك,دايون,توك توك,صباب عادم,0,0,0,0,3
AR02416,محرك,دايون,توك توك,جلدة صباب,0,0,0,0,3
AR02417,محرك,دايون,توك توك,ياي صباب,0,0,0,0,3
AR02418,محرك,دايون,توك توك,روكر,0,0,0,0,3
AR02419,محرك,دايون,توك توك,عمود كامة,0,0,0,0,3
AR02420,محرك,دايون,توك توك,سلسلة كاتينة,0,0,0,0,3
AR02421,محرك,دايون,توك توك,شداد كاتينة,0,0,0,0,3
AR02422,محرك,دايون,توك توك,طقم دبرياج,0,0,0,0,3
AR02423,محرك,دايون,توك توك,ديسك دبرياج,0,0,0,0,3
AR02424,محرك,دايون,توك توك,اسطوانة دبرياج,0,0,0,0,3
AR02425,محرك,دايون,توك توك,ياي دبرياج,0,0,0,0,3
AR02426,محرك,دايون,توك توك,تروس دبرياج,0,0,0,0,3
AR02427,محرك,دايون,توك توك,ترس مارش,0,0,0,0,3
AR02428,محرك,دايون,توك توك,مارش موتور,0,0,0,0,3
AR02429,محرك,دايون,توك توك,حدافة,0,0,0,0,3
AR02430,محرك,دايون,توك توك,طلمبة زيت,0,0,0,0,3
AR02431,محرك,دايون,توك توك,فلتر زيت,0,0,0,0,3
AR02432,محرك,دايون,توك توك,فلتر هواء,0,0,0,0,3
AR02433,وقود,دايون,توك توك,كربراتير,0,0,0,0,3
AR02434,وقود,دايون,توك توك,طقم إصلاح كربراتير,0,0,0,0,3
AR02435,وقود,دايون,توك توك,بنزين حنفية,0,0,0,0,3
AR02436,وقود,دايون,توك توك,خرطوم بنزين,0,0,0,0,3
AR02437,وقود,دايون,توك توك,فلتر بنزين,0,0,0,0,3
AR02438,كهرباء,دايون,توك توك,بوجيه,0,0,0,0,3
AR02439,كهرباء,دايون,توك توك,بوبينة,0,0,0,0,3
AR02440,كهرباء,دايون,توك توك,CDI,0,0,0,0,3
AR02441,كهرباء,دايون,توك توك,منظم شحن,0,0,0,0,3
AR02442,كهرباء,دايون,توك توك,مغناطيس,0,0,0,0,3
AR02443,كهرباء,دايون,توك توك,بطارية,0,0,0,0,3
AR02444,كهرباء,دايون,توك توك,كتاوت مارش,0,0,0,0,3
AR02445,كهرباء,دايون,توك توك,كلاكس,0,0,0,0,3
AR02446,كهرباء,دايون,توك توك,مفتاح كونتاكت,0,0,0,0,3
AR02447,كهرباء,دايون,توك توك,فيوز,0,0,0,0,3
AR02448,تحكم,دايون,توك توك,سلك دبرياج,0,0,0,0,3
AR02449,تحكم,دايون,توك توك,سلك بنزين,0,0,0,0,3
AR02450,تحكم,دايون,توك توك,سلك فرامل,0,0,0,0,3
AR02451,فرامل,دايون,توك توك,تيل فرامل أمامي,0,0,0,0,3
AR02452,فرامل,دايون,توك توك,تيل فرامل خلفي,0,0,0,0,3
AR02453,فرامل,دايون,توك توك,سلك فرامل خلفي,0,0,0,0,3
AR02454,فرامل,دايون,توك توك,طقم إصلاح ماستر أمامي,0,0,0,0,3
AR02455,عفشة,دايون,توك توك,بلي عجلة أمامي,0,0,0,0,3
AR02456,عفشة,دايون,توك توك,بلي عجلة خلفي,0,0,0,0,3
AR02457,نقل حركة,دايون,توك توك,ترس أمامي,0,0,0,0,3
AR02458,نقل حركة,دايون,توك توك,ترس خلفي,0,0,0,0,3
AR02459,نقل حركة,دايون,توك توك,سلسلة,0,0,0,0,3
AR02460,هيكل,دايون,توك توك,مراية يمين,0,0,0,0,3
AR02461,هيكل,دايون,توك توك,مراية شمال,0,0,0,0,3
AR02462,هيكل,دايون,توك توك,يد فرامل,0,0,0,0,3
AR02463,هيكل,دايون,توك توك,يد دبرياج,0,0,0,0,3
AR02464,هيكل,دايون,توك توك,كشاف أمامي,0,0,0,0,3
AR02465,هيكل,دايون,توك توك,فانوس خلفي,0,0,0,0,3
AR02466,هيكل,دايون,توك توك,إشارة يمين,0,0,0,0,3
AR02467,هيكل,دايون,توك توك,إشارة شمال,0,0,0,0,3
AR02468,هيكل,دايون,توك توك,غطاء تانك,0,0,0,0,3
AR02469,صيانة,دايون,توك توك,زيت محرك,0,0,0,0,3
AR02470,صيانة,دايون,توك توك,زيت فتيس,0,0,0,0,3
AR02471,صيانة,دايون,توك توك,سير دينامو/شحن,0,0,0,0,3
AR02472,إكسسوارات,دايون,توك توك,كشاف LED,0,0,0,0,3
AR02473,إكسسوارات,دايون,توك توك,جرس/بوري,0,0,0,0,3
AR02474,إكسسوارات,دايون,توك توك,حامل موبايل,0,0,0,0,3
AR02475,إكسسوارات,دايون,توك توك,قفل عجلة,0,0,0,0,3
AR02476,محرك,حلاوة,توك توك,بستم,0,0,0,0,3
AR02477,محرك,حلاوة,توك توك,طقم بستم,0,0,0,0,3
AR02478,محرك,حلاوة,توك توك,شنبر بستم,0,0,0,0,3
AR02479,محرك,حلاوة,توك توك,بنز بستم,0,0,0,0,3
AR02480,محرك,حلاوة,توك توك,جوان وش سلندر,0,0,0,0,3
AR02481,محرك,حلاوة,توك توك,جوان كارتير,0,0,0,0,3
AR02482,محرك,حلاوة,توك توك,جوان غطاء بلوف,0,0,0,0,3
AR02483,محرك,حلاوة,توك توك,صباب سحب,0,0,0,0,3
AR02484,محرك,حلاوة,توك توك,صباب عادم,0,0,0,0,3
AR02485,محرك,حلاوة,توك توك,جلدة صباب,0,0,0,0,3
AR02486,محرك,حلاوة,توك توك,ياي صباب,0,0,0,0,3
AR02487,محرك,حلاوة,توك توك,روكر,0,0,0,0,3
AR02488,محرك,حلاوة,توك توك,عمود كامة,0,0,0,0,3
AR02489,محرك,حلاوة,توك توك,سلسلة كاتينة,0,0,0,0,3
AR02490,محرك,حلاوة,توك توك,شداد كاتينة,0,0,0,0,3
AR02491,محرك,حلاوة,توك توك,طقم دبرياج,0,0,0,0,3
AR02492,محرك,حلاوة,توك توك,ديسك دبرياج,0,0,0,0,3
AR02493,محرك,حلاوة,توك توك,اسطوانة دبرياج,0,0,0,0,3
AR02494,محرك,حلاوة,توك توك,ياي دبرياج,0,0,0,0,3
AR02495,محرك,حلاوة,توك توك,تروس دبرياج,0,0,0,0,3
AR02496,محرك,حلاوة,توك توك,ترس مارش,0,0,0,0,3
AR02497,محرك,حلاوة,توك توك,مارش موتور,0,0,0,0,3
AR02498,محرك,حلاوة,توك توك,حدافة,0,0,0,0,3
AR02499,محرك,حلاوة,توك توك,طلمبة زيت,0,0,0,0,3
AR02500,محرك,حلاوة,توك توك,فلتر زيت,0,0,0,0,3
AR02501,محرك,حلاوة,توك توك,فلتر هواء,0,0,0,0,3
AR02502,وقود,حلاوة,توك توك,كربراتير,0,0,0,0,3
AR02503,وقود,حلاوة,توك توك,طقم إصلاح كربراتير,0,0,0,0,3
AR02504,وقود,حلاوة,توك توك,بنزين حنفية,0,0,0,0,3
AR02505,وقود,حلاوة,توك توك,خرطوم بنزين,0,0,0,0,3
AR02506,وقود,حلاوة,توك توك,فلتر بنزين,0,0,0,0,3
AR02507,كهرباء,حلاوة,توك توك,بوجيه,0,0,0,0,3
AR02508,كهرباء,حلاوة,توك توك,بوبينة,0,0,0,0,3
AR02509,كهرباء,حلاوة,توك توك,CDI,0,0,0,0,3
AR02510,كهرباء,حلاوة,توك توك,منظم شحن,0,0,0,0,3
AR02511,كهرباء,حلاوة,توك توك,مغناطيس,0,0,0,0,3
AR02512,كهرباء,حلاوة,توك توك,بطارية,0,0,0,0,3
AR02513,كهرباء,حلاوة,توك توك,كتاوت مارش,0,0,0,0,3
AR02514,كهرباء,حلاوة,توك توك,كلاكس,0,0,0,0,3
AR02515,كهرباء,حلاوة,توك توك,مفتاح كونتاكت,0,0,0,0,3
AR02516,كهرباء,حلاوة,توك توك,فيوز,0,0,0,0,3
AR02517,تحكم,حلاوة,توك توك,سلك دبرياج,0,0,0,0,3
AR02518,تحكم,حلاوة,توك توك,سلك بنزين,0,0,0,0,3
AR02519,تحكم,حلاوة,توك توك,سلك فرامل,0,0,0,0,3
AR02520,فرامل,حلاوة,توك توك,تيل فرامل أمامي,0,0,0,0,3
AR02521,فرامل,حلاوة,توك توك,تيل فرامل خلفي,0,0,0,0,3
AR02522,فرامل,حلاوة,توك توك,سلك فرامل خلفي,0,0,0,0,3
AR02523,فرامل,حلاوة,توك توك,طقم إصلاح ماستر أمامي,0,0,0,0,3
AR02524,عفشة,حلاوة,توك توك,بلي عجلة أمامي,0,0,0,0,3
AR02525,عفشة,حلاوة,توك توك,بلي عجلة خلفي,0,0,0,0,3
AR02526,نقل حركة,حلاوة,توك توك,ترس أمامي,0,0,0,0,3
AR02527,نقل حركة,حلاوة,توك توك,ترس خلفي,0,0,0,0,3
AR02528,نقل حركة,حلاوة,توك توك,سلسلة,0,0,0,0,3
AR02529,هيكل,حلاوة,توك توك,مراية يمين,0,0,0,0,3
AR02530,هيكل,حلاوة,توك توك,مراية شمال,0,0,0,0,3
AR02531,هيكل,حلاوة,توك توك,يد فرامل,0,0,0,0,3
AR02532,هيكل,حلاوة,توك توك,يد دبرياج,0,0,0,0,3
AR02533,هيكل,حلاوة,توك توك,كشاف أمامي,0,0,0,0,3
AR02534,هيكل,حلاوة,توك توك,فانوس خلفي,0,0,0,0,3
AR02535,هيكل,حلاوة,توك توك,إشارة يمين,0,0,0,0,3
AR02536,هيكل,حلاوة,توك توك,إشارة شمال,0,0,0,0,3
AR02537,هيكل,حلاوة,توك توك,غطاء تانك,0,0,0,0,3
AR02538,صيانة,حلاوة,توك توك,زيت محرك,0,0,0,0,3
AR02539,صيانة,حلاوة,توك توك,زيت فتيس,0,0,0,0,3
AR02540,صيانة,حلاوة,توك توك,سير دينامو/شحن,0,0,0,0,3
AR02541,إكسسوارات,حلاوة,توك توك,كشاف LED,0,0,0,0,3
AR02542,إكسسوارات,حلاوة,توك توك,جرس/بوري,0,0,0,0,3
AR02543,إكسسوارات,حلاوة,توك توك,حامل موبايل,0,0,0,0,3
AR02544,إكسسوارات,حلاوة,توك توك,قفل عجلة,0,0,0,0,3
AR02545,محرك,Piaggio,Ape توك توك,بستم,0,0,0,0,3
AR02546,محرك,Piaggio,Ape توك توك,طقم بستم,0,0,0,0,3
AR02547,محرك,Piaggio,Ape توك توك,شنبر بستم,0,0,0,0,3
AR02548,محرك,Piaggio,Ape توك توك,بنز بستم,0,0,0,0,3
AR02549,محرك,Piaggio,Ape توك توك,جوان وش سلندر,0,0,0,0,3
AR02550,محرك,Piaggio,Ape توك توك,جوان كارتير,0,0,0,0,3
AR02551,محرك,Piaggio,Ape توك توك,جوان غطاء بلوف,0,0,0,0,3
AR02552,محرك,Piaggio,Ape توك توك,صباب سحب,0,0,0,0,3
AR02553,محرك,Piaggio,Ape توك توك,صباب عادم,0,0,0,0,3
AR02554,محرك,Piaggio,Ape توك توك,جلدة صباب,0,0,0,0,3
AR02555,محرك,Piaggio,Ape توك توك,ياي صباب,0,0,0,0,3
AR02556,محرك,Piaggio,Ape توك توك,روكر,0,0,0,0,3
AR02557,محرك,Piaggio,Ape توك توك,عمود كامة,0,0,0,0,3
AR02558,محرك,Piaggio,Ape توك توك,سلسلة كاتينة,0,0,0,0,3
AR02559,محرك,Piaggio,Ape توك توك,شداد كاتينة,0,0,0,0,3
AR02560,محرك,Piaggio,Ape توك توك,طقم دبرياج,0,0,0,0,3
AR02561,محرك,Piaggio,Ape توك توك,ديسك دبرياج,0,0,0,0,3
AR02562,محرك,Piaggio,Ape توك توك,اسطوانة دبرياج,0,0,0,0,3
AR02563,محرك,Piaggio,Ape توك توك,ياي دبرياج,0,0,0,0,3
AR02564,محرك,Piaggio,Ape توك توك,تروس دبرياج,0,0,0,0,3
AR02565,محرك,Piaggio,Ape توك توك,ترس مارش,0,0,0,0,3
AR02566,محرك,Piaggio,Ape توك توك,مارش موتور,0,0,0,0,3
AR02567,محرك,Piaggio,Ape توك توك,حدافة,0,0,0,0,3
AR02568,محرك,Piaggio,Ape توك توك,طلمبة زيت,0,0,0,0,3
AR02569,محرك,Piaggio,Ape توك توك,فلتر زيت,0,0,0,0,3
AR02570,محرك,Piaggio,Ape توك توك,فلتر هواء,0,0,0,0,3
AR02571,وقود,Piaggio,Ape توك توك,كربراتير,0,0,0,0,3
AR02572,وقود,Piaggio,Ape توك توك,طقم إصلاح كربراتير,0,0,0,0,3
AR02573,وقود,Piaggio,Ape توك توك,بنزين حنفية,0,0,0,0,3
AR02574,وقود,Piaggio,Ape توك توك,خرطوم بنزين,0,0,0,0,3
AR02575,وقود,Piaggio,Ape توك توك,فلتر بنزين,0,0,0,0,3
AR02576,كهرباء,Piaggio,Ape توك توك,بوجيه,0,0,0,0,3
AR02577,كهرباء,Piaggio,Ape توك توك,بوبينة,0,0,0,0,3
AR02578,كهرباء,Piaggio,Ape توك توك,CDI,0,0,0,0,3
AR02579,كهرباء,Piaggio,Ape توك توك,منظم شحن,0,0,0,0,3
AR02580,كهرباء,Piaggio,Ape توك توك,مغناطيس,0,0,0,0,3
AR02581,كهرباء,Piaggio,Ape توك توك,بطارية,0,0,0,0,3
AR02582,كهرباء,Piaggio,Ape توك توك,كتاوت مارش,0,0,0,0,3
AR02583,كهرباء,Piaggio,Ape توك توك,كلاكس,0,0,0,0,3
AR02584,كهرباء,Piaggio,Ape توك توك,مفتاح كونتاكت,0,0,0,0,3
AR02585,كهرباء,Piaggio,Ape توك توك,فيوز,0,0,0,0,3
AR02586,تحكم,Piaggio,Ape توك توك,سلك دبرياج,0,0,0,0,3
AR02587,تحكم,Piaggio,Ape توك توك,سلك بنزين,0,0,0,0,3
AR02588,تحكم,Piaggio,Ape توك توك,سلك فرامل,0,0,0,0,3
AR02589,فرامل,Piaggio,Ape توك توك,تيل فرامل أمامي,0,0,0,0,3
AR02590,فرامل,Piaggio,Ape توك توك,تيل فرامل خلفي,0,0,0,0,3
AR02591,فرامل,Piaggio,Ape توك توك,سلك فرامل خلفي,0,0,0,0,3
AR02592,فرامل,Piaggio,Ape توك توك,طقم إصلاح ماستر أمامي,0,0,0,0,3
AR02593,عفشة,Piaggio,Ape توك توك,بلي عجلة أمامي,0,0,0,0,3
AR02594,عفشة,Piaggio,Ape توك توك,بلي عجلة خلفي,0,0,0,0,3
AR02595,نقل حركة,Piaggio,Ape توك توك,ترس أمامي,0,0,0,0,3
AR02596,نقل حركة,Piaggio,Ape توك توك,ترس خلفي,0,0,0,0,3
AR02597,نقل حركة,Piaggio,Ape توك توك,سلسلة,0,0,0,0,3
AR02598,هيكل,Piaggio,Ape توك توك,مراية يمين,0,0,0,0,3
AR02599,هيكل,Piaggio,Ape توك توك,مراية شمال,0,0,0,0,3
AR02600,هيكل,Piaggio,Ape توك توك,يد فرامل,0,0,0,0,3
AR02601,هيكل,Piaggio,Ape توك توك,يد دبرياج,0,0,0,0,3
AR02602,هيكل,Piaggio,Ape توك توك,كشاف أمامي,0,0,0,0,3
AR02603,هيكل,Piaggio,Ape توك توك,فانوس خلفي,0,0,0,0,3
AR02604,هيكل,Piaggio,Ape توك توك,إشارة يمين,0,0,0,0,3
AR02605,هيكل,Piaggio,Ape توك توك,إشارة شمال,0,0,0,0,3
AR02606,هيكل,Piaggio,Ape توك توك,غطاء تانك,0,0,0,0,3
AR02607,صيانة,Piaggio,Ape توك توك,زيت محرك,0,0,0,0,3
AR02608,صيانة,Piaggio,Ape توك توك,زيت فتيس,0,0,0,0,3
AR02609,صيانة,Piaggio,Ape توك توك,سير دينامو/شحن,0,0,0,0,3
AR02610,إكسسوارات,Piaggio,Ape توك توك,كشاف LED,0,0,0,0,3
AR02611,إكسسوارات,Piaggio,Ape توك توك,جرس/بوري,0,0,0,0,3
AR02612,إكسسوارات,Piaggio,Ape توك توك,حامل موبايل,0,0,0,0,3
AR02613,إكسسوارات,Piaggio,Ape توك توك,قفل عجلة,0,0,0,0,3
AR02614,إكسسوارات,هوجن,HJ150-4,غطاء تانك,0,0,0,0,3
AR02615,إكسسوارات,هوجن,HJ150-4,كشاف LED,0,0,0,0,3
AR02616,إكسسوارات,هوجن,HJ150-4,حامل موبايل,0,0,0,0,3
AR02617,إكسسوارات,هوجن,HJ150-4,قفل عجلة,0,0,0,0,3
AR02618,إكسسوارات,هوجن,HJ150-4,مراية يمين,0,0,0,0,3
AR02619,إكسسوارات,هوجن,HJ150-4,مراية شمال,0,0,0,0,3
AR02620,إكسسوارات,هوجن,HJ150-4,كلاكس,0,0,0,0,3
AR02621,إكسسوارات,هوجن,HJ150-4,لمبة أمامية,0,0,0,0,3
AR02622,إكسسوارات,هوجن,HJ150-4,لمبة خلفية,0,0,0,0,3
AR02623,إكسسوارات,هوجن,HJ150-4,إشارة يمين,0,0,0,0,3
AR02624,إكسسوارات,هوجن,HJ150-4,إشارة شمال,0,0,0,0,3
AR02625,إكسسوارات,هوجن,HJ150-3A Tiger,غطاء تانك,0,0,0,0,3
AR02626,إكسسوارات,هوجن,HJ150-3A Tiger,كشاف LED,0,0,0,0,3
AR02627,إكسسوارات,هوجن,HJ150-3A Tiger,حامل موبايل,0,0,0,0,3
AR02628,إكسسوارات,هوجن,HJ150-3A Tiger,قفل عجلة,0,0,0,0,3
AR02629,إكسسوارات,هوجن,HJ150-3A Tiger,مراية يمين,0,0,0,0,3
AR02630,إكسسوارات,هوجن,HJ150-3A Tiger,مراية شمال,0,0,0,0,3
AR02631,إكسسوارات,هوجن,HJ150-3A Tiger,كلاكس,0,0,0,0,3
AR02632,إكسسوارات,هوجن,HJ150-3A Tiger,لمبة أمامية,0,0,0,0,3
AR02633,إكسسوارات,هوجن,HJ150-3A Tiger,لمبة خلفية,0,0,0,0,3
AR02634,إكسسوارات,هوجن,HJ150-3A Tiger,إشارة يمين,0,0,0,0,3
AR02635,إكسسوارات,هوجن,HJ150-3A Tiger,إشارة شمال,0,0,0,0,3
AR02636,إكسسوارات,دايون,DY150-4,غطاء تانك,0,0,0,0,3
AR02637,إكسسوارات,دايون,DY150-4,كشاف LED,0,0,0,0,3
AR02638,إكسسوارات,دايون,DY150-4,حامل موبايل,0,0,0,0,3
AR02639,إكسسوارات,دايون,DY150-4,قفل عجلة,0,0,0,0,3
AR02640,إكسسوارات,دايون,DY150-4,مراية يمين,0,0,0,0,3
AR02641,إكسسوارات,دايون,DY150-4,مراية شمال,0,0,0,0,3
AR02642,إكسسوارات,دايون,DY150-4,كلاكس,0,0,0,0,3
AR02643,إكسسوارات,دايون,DY150-4,لمبة أمامية,0,0,0,0,3
AR02644,إكسسوارات,دايون,DY150-4,لمبة خلفية,0,0,0,0,3
AR02645,إكسسوارات,دايون,DY150-4,إشارة يمين,0,0,0,0,3
AR02646,إكسسوارات,دايون,DY150-4,إشارة شمال,0,0,0,0,3
AR02647,إكسسوارات,دايون,DY150-6,غطاء تانك,0,0,0,0,3
AR02648,إكسسوارات,دايون,DY150-6,كشاف LED,0,0,0,0,3
AR02649,إكسسوارات,دايون,DY150-6,حامل موبايل,0,0,0,0,3
AR02650,إكسسوارات,دايون,DY150-6,قفل عجلة,0,0,0,0,3
AR02651,إكسسوارات,دايون,DY150-6,مراية يمين,0,0,0,0,3
AR02652,إكسسوارات,دايون,DY150-6,مراية شمال,0,0,0,0,3
AR02653,إكسسوارات,دايون,DY150-6,كلاكس,0,0,0,0,3
AR02654,إكسسوارات,دايون,DY150-6,لمبة أمامية,0,0,0,0,3
AR02655,إكسسوارات,دايون,DY150-6,لمبة خلفية,0,0,0,0,3
AR02656,إكسسوارات,دايون,DY150-6,إشارة يمين,0,0,0,0,3
AR02657,إكسسوارات,دايون,DY150-6,إشارة شمال,0,0,0,0,3
AR02658,إكسسوارات,باجاج,Boxer 150,غطاء تانك,0,0,0,0,3
AR02659,إكسسوارات,باجاج,Boxer 150,كشاف LED,0,0,0,0,3
AR02660,إكسسوارات,باجاج,Boxer 150,حامل موبايل,0,0,0,0,3
AR02661,إكسسوارات,باجاج,Boxer 150,قفل عجلة,0,0,0,0,3
AR02662,إكسسوارات,باجاج,Boxer 150,مراية يمين,0,0,0,0,3
AR02663,إكسسوارات,باجاج,Boxer 150,مراية شمال,0,0,0,0,3
AR02664,إكسسوارات,باجاج,Boxer 150,كلاكس,0,0,0,0,3
AR02665,إكسسوارات,باجاج,Boxer 150,لمبة أمامية,0,0,0,0,3
AR02666,إكسسوارات,باجاج,Boxer 150,لمبة خلفية,0,0,0,0,3
AR02667,إكسسوارات,باجاج,Boxer 150,إشارة يمين,0,0,0,0,3
AR02668,إكسسوارات,باجاج,Boxer 150,إشارة شمال,0,0,0,0,3
AR02669,إكسسوارات,باجاج,Pulsar 180,غطاء تانك,0,0,0,0,3
AR02670,إكسسوارات,باجاج,Pulsar 180,كشاف LED,0,0,0,0,3
AR02671,إكسسوارات,باجاج,Pulsar 180,حامل موبايل,0,0,0,0,3
AR02672,إكسسوارات,باجاج,Pulsar 180,قفل عجلة,0,0,0,0,3
AR02673,إكسسوارات,باجاج,Pulsar 180,مراية يمين,0,0,0,0,3
AR02674,إكسسوارات,باجاج,Pulsar 180,مراية شمال,0,0,0,0,3
AR02675,إكسسوارات,باجاج,Pulsar 180,كلاكس,0,0,0,0,3
AR02676,إكسسوارات,باجاج,Pulsar 180,لمبة أمامية,0,0,0,0,3
AR02677,إكسسوارات,باجاج,Pulsar 180,لمبة خلفية,0,0,0,0,3
AR02678,إكسسوارات,باجاج,Pulsar 180,إشارة يمين,0,0,0,0,3
AR02679,إكسسوارات,باجاج,Pulsar 180,إشارة شمال,0,0,0,0,3
AR02680,إكسسوارات,هاوجي,EG150,غطاء تانك,0,0,0,0,3
AR02681,إكسسوارات,هاوجي,EG150,كشاف LED,0,0,0,0,3
AR02682,إكسسوارات,هاوجي,EG150,حامل موبايل,0,0,0,0,3
AR02683,إكسسوارات,هاوجي,EG150,قفل عجلة,0,0,0,0,3
AR02684,إكسسوارات,هاوجي,EG150,مراية يمين,0,0,0,0,3
AR02685,إكسسوارات,هاوجي,EG150,مراية شمال,0,0,0,0,3
AR02686,إكسسوارات,هاوجي,EG150,كلاكس,0,0,0,0,3
AR02687,إكسسوارات,هاوجي,EG150,لمبة أمامية,0,0,0,0,3
AR02688,إكسسوارات,هاوجي,EG150,لمبة خلفية,0,0,0,0,3
AR02689,إكسسوارات,هاوجي,EG150,إشارة يمين,0,0,0,0,3
AR02690,إكسسوارات,هاوجي,EG150,إشارة شمال,0,0,0,0,3
AR02691,إكسسوارات,TVS,HLX 125,غطاء تانك,0,0,0,0,3
AR02692,إكسسوارات,TVS,HLX 125,كشاف LED,0,0,0,0,3
AR02693,إكسسوارات,TVS,HLX 125,حامل موبايل,0,0,0,0,3
AR02694,إكسسوارات,TVS,HLX 125,قفل عجلة,0,0,0,0,3
AR02695,إكسسوارات,TVS,HLX 125,مراية يمين,0,0,0,0,3
AR02696,إكسسوارات,TVS,HLX 125,مراية شمال,0,0,0,0,3
AR02697,إكسسوارات,TVS,HLX 125,كلاكس,0,0,0,0,3
AR02698,إكسسوارات,TVS,HLX 125,لمبة أمامية,0,0,0,0,3
AR02699,إكسسوارات,TVS,HLX 125,لمبة خلفية,0,0,0,0,3
AR02700,إكسسوارات,TVS,HLX 125,إشارة يمين,0,0,0,0,3
AR02701,إكسسوارات,TVS,HLX 125,إشارة شمال,0,0,0,0,3
